Time (s),Current (uA)
0.0,290713.54
0.01,892407.64
0.02,7519.66
0.03,1417688.82
0.04,1317218.29
0.05,1658726.34
0.06,6814420.59
0.07,5514571.79
0.08,5544690.38
0.09,5459467.03
0.1,5422999.37
0.11,5592704.06
0.12,4948970.49
0.13,4096913.76
0.14,5775725.01
0.15,5062738.94
0.16,5460945.91
0.17,4849055.39
0.18,4797054.27
0.19,5926946.11
0.2,5074241.69
0.21,6171993.72
0.22,5544477.88
0.23,3535244.77
0.24,7737.51
0.25,287156.21
0.26,5734772.07
0.27,7010331.55
0.28,6180041.35
0.29,6123060.03
0.3,4474993.62
0.31,4732710.12
0.32,5052553.22
0.33,4969824.39
0.34,4789291.6
0.35,4855488.42
0.36,5106820.94
0.37,4443856.78
0.38,6483668.43
0.39,5631023.44
0.4,104135.02
0.41,1850769.72
0.42,5232807.09
0.43,5449640.98
0.44,5994464.28
0.45,4956935.03
0.46,5012406.05
0.47,4901562.13
0.48,6985589.22
0.49,1816066.54
0.5,6173142.53
0.51,373326.83
0.52,9529377.9
0.53,10530829.26
0.54,6811399.45
0.55,6967784.43
0.56,3282090.18
0.57,3130591.48
0.58,5515556.88
0.59,4666688.1
0.6,5943438.37
0.61,392773.5
0.62,6815055.87
0.63,9990999.32
0.64,8349088.54
0.65,6084554.96
0.66,2962297.41
0.67,9180166.91
0.68,9609941.76
0.69,9785905.76
0.7,9537364.79
0.71,1619303.94
0.72,3543747.79
0.73,137745.73
0.74,2868456.02
0.75,2771235.46
0.76,4920048.67
0.77,5172604.09
0.78,5452951.23
0.79,122821.17
0.8,9304652.72
0.81,10237353.15
0.82,5631774.15
0.83,7726368.31
0.84,9838609.97
0.85,7112301.93
0.86,1401940.52
0.87,8274408.47
0.88,10100451.0
0.89,10206479.2
0.9,9346016.37
0.91,5015779.78
0.92,2456558.33
0.93,3169584.57
0.94,6037424.0
0.95,5522208.51
0.96,7496618.86
0.97,2787754.09
0.98,9855375.39
0.99,9825190.93
1.0,7792607.73
1.01,4301060.78
1.02,9552670.22
1.03,9720784.16
1.04,6935771.01
1.05,4883139.48
1.06,2962065.48
1.07,4768023.93
1.08,3933792.09
1.09,1514555.19
1.1,5408635.62
1.11,5271652.92
1.12,5151922.61
1.13,5158441.93
1.14,7289117.64
1.15,597292.03
1.16,7374644.0
1.17,10133413.95
1.18,10188813.98
1.19,9633793.81
1.2,8826087.23
1.21,8478831.47
1.22,373389.97
1.23,8706899.01
1.24,4269242.89
1.25,1285786.23
1.26,9673264.95
1.27,6778212.54
1.28,3984919.08
1.29,2566504.46
1.3,4973772.83
1.31,5192662.82
1.32,4758925.94
1.33,98535.52
1.34,9203029.64
1.35,9984972.69
1.36,9583997.39
1.37,3771753.36
1.38,1609969.18
1.39,621124.83
1.4,8178881.32
1.41,9888234.2
1.42,8005483.68
1.43,3868123.15
1.44,3757452.12
1.45,3936666.67
1.46,3175011.63
1.47,1914749.33
1.48,5647391.21
1.49,5244525.64
1.5,4968906.32
1.51,1243870.84
1.52,3304582.37
1.53,616319.03
1.54,7927392.7
1.55,10108208.66
1.56,9630317.37
1.57,8408933.99
1.58,8404355.35
1.59,7687374.19
1.6,6672231.31
1.61,8691091.63
1.62,3566122.77
1.63,2933086.51
1.64,4605277.05
1.65,5304434.87
1.66,5020502.6
1.67,360988.46
1.68,9540843.43
1.69,9373596.02
1.7,9584739.35
1.71,5378710.5
1.72,962355.58
1.73,6865006.66
1.74,9232846.87
1.75,6279674.52
1.76,5350161.59
1.77,6257046.11
1.78,3769049.07
1.79,2859254.21
1.8,5419111.77
1.81,4326430.96
1.82,7512378.26
1.83,4738131.61
1.84,3338909.55
1.85,3412374.57
1.86,1953360.64
1.87,8850859.64
1.88,959604.39
1.89,8626290.23
1.9,10007838.79
1.91,5197162.72
1.92,6869465.77
1.93,4047097.28
1.94,8272845.32
1.95,4645437.39
1.96,3337632.51
1.97,6013165.91
1.98,5099230.64
1.99,6730291.44
2.0,5048915.04
2.01,9901355.52
2.02,10437133.53
2.03,8604990.81
2.04,10008893.61
2.05,10191370.35
2.06,9537114.72
2.07,9273339.32
2.08,8232663.17
2.09,6246039.38
2.1,5939234.0
2.11,4894028.67
2.12,4237020.62
2.13,5532032.92
2.14,4389923.42
2.15,1637409.02
2.16,292336.62
2.17,4038131.87
2.18,10232312.79
2.19,10550594.76
2.2,10161709.62
2.21,10404454.07
2.22,10589442.59
2.23,10723135.84
2.24,9526977.37
2.25,5811373.77
2.26,9705643.72
2.27,7365884.61
2.28,4854961.19
2.29,3813374.63
2.3,5447853.91
2.31,5305611.62
2.32,5199634.89
2.33,4938492.93
2.34,3807204.55
2.35,3494320.27
2.36,4937855.69
2.37,1319211.09
2.38,1998395.4
2.39,4676006.45
2.4,4156532.05
2.41,3631745.83
2.42,3249978.67
2.43,5218517.26
2.44,5484395.29
2.45,4284331.71
2.46,4334708.19
2.47,4909130.68
2.48,5222315.42
2.49,4415725.83
2.5,4664900.79
2.51,5451555.6
2.52,5432450.17
2.53,5311950.19
2.54,5224800.31
2.55,5614048.06
2.56,5108824.75
2.57,5681815.83
2.58,5029522.2
2.59,5643638.11
2.6,5055143.77
2.61,5561322.46
2.62,5321780.51
2.63,5354176.21
2.64,5085028.99
2.65,4772924.45
2.66,4731175.49
2.67,5147274.12
2.68,5430572.01
2.69,4811451.67
2.7,5239759.28
2.71,4815942.56
2.72,5294572.53
2.73,6012343.43
2.74,5221151.32
2.75,4528572.67
2.76,6359964.44
2.77,3484807.31
2.78,5569778.94
2.79,5366447.56
2.8,5457015.01
2.81,4924062.16
2.82,5362466.17
2.83,2933043.15
2.84,5709056.38
2.85,5322793.4
2.86,4872479.46
2.87,3447259.8
2.88,4732070.19
2.89,5158384.13
2.9,5407734.75
2.91,4415823.18
2.92,5060392.66
2.93,5232954.7
2.94,4926396.0
2.95,5932448.05
2.96,4646395.37
2.97,4732492.78
2.98,4933791.45
2.99,5538752.6
3.0,5041861.64
3.01,4865827.46
3.02,4838614.34
3.03,6020532.34
3.04,4711481.65
3.05,4926972.58
3.06,4472242.54
3.07,4765301.75
3.08,1593338.98
3.09,6371198.63
3.1,4104560.17
3.11,4587284.41
3.12,5117587.86
3.13,5083623.74
3.14,3184896.72
3.15,6935331.11
3.16,9099900.33
3.17,3208374.46
3.18,1156688.21
3.19,9755080.6
3.2,9793317.53
3.21,10015849.42
3.22,8146237.71
3.23,6082819.46
3.24,6824981.77
3.25,4984902.66
3.26,3108459.82
3.27,6131974.2
3.28,5043564.18
3.29,5965587.2
3.3,2763698.87
3.31,9193636.87
3.32,9253275.58
3.33,9705867.86
3.34,10487222.39
3.35,9764460.99
3.36,6834751.67
3.37,1408600.27
3.38,9335097.55
3.39,9314951.96
3.4,7041495.6
3.41,4288294.9
3.42,4144004.21
3.43,5235344.79
3.44,4963782.78
3.45,3485687.27
3.46,5237207.75
3.47,9443210.77
3.48,10597364.43
3.49,9999402.34
3.5,9970333.08
3.51,8665574.07
3.52,9837959.97
3.53,7397531.08
3.54,6052126.81
3.55,7062235.02
3.56,4688942.06
3.57,4100243.96
3.58,6215269.67
3.59,5316050.12
3.6,4455566.94
3.61,4443802.64
3.62,6256519.13
3.63,10561353.99
3.64,9603864.1
3.65,7149197.32
3.66,5159045.99
3.67,5948365.78
3.68,10290029.68
3.69,8465265.6
3.7,7565530.13
3.71,7130013.61
3.72,4358969.83
3.73,3247916.85
3.74,5422602.09
3.75,5983155.12
3.76,4773001.24
3.77,5016932.46
3.78,4721965.95
3.79,1280389.49
3.8,3030091.73
3.81,9593086.85
3.82,9972079.29
3.83,9385335.2
3.84,10229540.66
3.85,9897219.29
3.86,9967119.04
3.87,10182726.78
3.88,9951184.94
3.89,9056132.96
3.9,7787074.63
3.91,5510656.38
3.92,6115234.99
3.93,5256808.42
3.94,3208249.3
3.95,6013029.8
3.96,5484889.47
3.97,5063394.78
3.98,1106142.97
3.99,9444555.22
4.0,10608693.97
4.01,10997133.87
4.02,9499694.34
4.03,9886167.5
4.04,9095311.22
4.05,7612778.95
4.06,6809263.99
4.07,6838307.16
4.08,6278119.28
4.09,4314844.73
4.1,2224286.59
4.11,5625097.1
4.12,4800376.59
4.13,8152541.04
4.14,5451675.75
4.15,7061644.72
4.16,301998.17
4.17,8767990.93
4.18,9984057.24
4.19,9283733.97
4.2,4548748.89
4.21,3487650.67
4.22,1258369.99
4.23,8369901.47
4.24,5033405.55
4.25,4040745.66
4.26,6119716.2
4.27,5278862.56
4.28,4296660.86
4.29,894507.06
4.3,8696791.1
4.31,10536167.58
4.32,9303114.8
4.33,10343298.38
4.34,10349943.61
4.35,9905568.65
4.36,9184574.78
4.37,7185770.25
4.38,6479964.16
4.39,5108590.26
4.4,4415848.56
4.41,2252068.84
4.42,5454548.54
4.43,5184245.07
4.44,8293615.96
4.45,3457004.5
4.46,9618721.56
4.47,10377808.1
4.48,7439926.36
4.49,10592634.29
4.5,10207363.03
4.51,10358526.85
4.52,8588979.02
4.53,7878686.47
4.54,5138906.58
4.55,6813794.57
4.56,4121702.13
4.57,3928088.29
4.58,5353428.04
4.59,5156478.2
4.6,1642842.18
4.61,4619769.65
4.62,9932312.15
4.63,10044352.1
4.64,10304825.65
4.65,9587523.85
4.66,7229752.28
4.67,4089765.48
4.68,9545350.24
4.69,9818948.92
4.7,9698160.72
4.71,8511081.45
4.72,1043028.77
4.73,6947144.61
4.74,3878931.59
4.75,3831552.49
4.76,5249512.53
4.77,4108370.13
4.78,1184461.33
4.79,8801119.67
4.8,9735862.66
4.81,9415836.14
4.82,10606179.58
4.83,10211799.81
4.84,9687195.87
4.85,9597861.51
4.86,7242300.66
4.87,7598369.9
4.88,7984620.13
4.89,4039821.75
4.9,3422493.8
4.91,6013074.2
4.92,4919379.72
4.93,5067710.6
4.94,2533997.82
4.95,10585125.21
4.96,9983255.54
4.97,10005137.62
4.98,9595698.39
4.99,6668582.76
5.0,9961465.73
5.01,8981727.81
5.02,8133014.42
5.03,6277747.01
5.04,6299534.89
5.05,6760199.33
5.06,5102558.84
5.07,3240293.26
5.08,5384363.91
5.09,5385778.21
5.1,7659536.77
5.11,3694873.75
5.12,9698757.31
5.13,10043712.42
5.14,9816482.68
5.15,9744645.96
5.16,7124321.12
5.17,2793416.05
5.18,10287562.89
5.19,9260424.72
5.2,10250998.14
5.21,5506758.97
5.22,3845018.54
5.23,5149465.88
5.24,5057941.83
5.25,5289463.58
5.26,4630513.57
5.27,10084629.89
5.28,9803342.05
5.29,10253976.45
5.3,8952437.36
5.31,9977022.2
5.32,10027420.1
5.33,7921713.37
5.34,6799508.43
5.35,2640022.09
5.36,6854617.45
5.37,4320668.86
5.38,3823179.58
5.39,4837560.84
5.4,5327736.14
5.41,4497529.83
5.42,5726321.67
5.43,10361609.61
5.44,11111208.49
5.45,9903984.87
5.46,9391528.36
5.47,10102229.17
5.48,8095240.46
5.49,5676421.01
5.5,5894752.89
5.51,9542073.77
5.52,4828647.27
5.53,3351375.84
5.54,4808632.07
5.55,4959331.48
5.56,3274106.58
5.57,3353787.77
5.58,2200977.42
5.59,1537990.7
5.6,7959889.4
5.61,9796372.12
5.62,9797068.34
5.63,9405898.46
5.64,5287598.92
5.65,3618409.26
5.66,4425260.63
5.67,3076610.0
5.68,3255286.46
5.69,5162929.07
5.7,4824881.41
5.71,5443740.34
5.72,4187198.12
5.73,4446453.88
5.74,4981251.53
5.75,5581619.85
5.76,4521826.31
5.77,4327848.35
5.78,5554223.76
5.79,5279495.02
5.8,5337197.39
5.81,5148422.57
5.82,5323579.38
5.83,5178182.96
5.84,5297928.43
5.85,4761398.12
5.86,5471989.52
5.87,4928527.32
5.88,5243186.9
5.89,3917634.3
5.9,4997654.45
5.91,5168389.14
5.92,4299656.87
5.93,4394349.48
5.94,4593799.6
5.95,5164633.68
5.96,5343022.01
5.97,5229386.26
5.98,3021068.51
5.99,5694869.43
6.0,5157759.73
6.01,5382394.93
6.02,5590420.53
6.03,5144896.5
6.04,4195268.71
6.05,5546465.95
6.06,4852085.69
6.07,5215529.06
6.08,3073530.07
6.09,4824386.18
6.1,5144531.89
6.11,5052118.58
6.12,3236712.66
6.13,4934316.12
6.14,5336360.68
6.15,5059896.06
6.16,5392826.3
6.17,6209685.63
6.18,5561849.29
6.19,4227809.15
6.2,5428379.07
6.21,3467110.36
6.22,5321593.22
6.23,5216966.2
6.24,4927757.07
6.25,3464049.14
6.26,6245468.81
6.27,4868703.26
6.28,5534011.74
6.29,4871427.58
6.3,5200217.33
6.31,4478448.15
6.32,5683103.0
6.33,5362435.35
6.34,5035804.74
6.35,5043627.34
6.36,3630959.08
6.37,5608002.53
6.38,4731108.29
6.39,5272076.94
6.4,5082771.09
6.41,5892376.73
6.42,5350234.89
6.43,5145961.26
6.44,5149097.01
6.45,4833174.71
6.46,2588262.36
6.47,6158421.98
6.48,5327519.03
6.49,4910489.79
6.5,4903674.97
6.51,5346928.01
6.52,5027248.75
6.53,4986269.8
6.54,4758336.11
6.55,5315908.26
6.56,4632612.52
6.57,5084314.63
6.58,5059534.7
6.59,4778357.44
6.6,4641416.13
6.61,5358842.07
6.62,6207444.79
6.63,5293190.03
6.64,5090898.22
6.65,3010557.87
6.66,4760788.63
6.67,5156885.67
6.68,3872842.84
6.69,4623267.81
6.7,4599017.66
6.71,5210878.07
6.72,4955658.39
6.73,5721653.31
6.74,5475670.5
6.75,4864710.55
6.76,5227826.22
6.77,5223388.31
6.78,5775476.51
6.79,5389986.06
6.8,4216417.81
6.81,4478151.78
6.82,5329241.88
6.83,4837673.11
6.84,3018325.18
6.85,5268493.26
6.86,4989575.96
6.87,4909385.82
6.88,3975385.15
6.89,5490154.64
6.9,5093582.72
6.91,5241322.61
6.92,6200990.37
6.93,5044153.32
6.94,5414797.95
6.95,4713511.52
6.96,5517363.08
6.97,5134530.07
6.98,5164633.49
6.99,2482456.16
7.0,5570830.51
7.01,4946309.7
7.02,5396787.04
7.03,5683586.53
7.04,5698767.12
7.05,4975252.33
7.06,5243194.29
7.07,6178232.01
7.08,5451292.85
7.09,5180173.45
7.1,4927752.89
7.11,4262166.18
7.12,4425312.31
7.13,4941948.23
7.14,5090408.88
7.15,4287306.79
7.16,5157607.33
7.17,10172343.57
7.18,9647126.64
7.19,10202272.12
7.2,10644513.18
7.21,9562711.45
7.22,10098901.69
7.23,7393861.6
7.24,7247762.89
7.25,4986554.01
7.26,2448117.12
7.27,5852484.08
7.28,5575264.01
7.29,5838690.7
7.3,2407850.02
7.31,9067394.28
7.32,9078422.45
7.33,9517259.26
7.34,9842202.84
7.35,10148312.81
7.36,8627846.18
7.37,7158210.62
7.38,7441207.73
7.39,7058075.1
7.4,4432791.27
7.41,3084864.23
7.42,6702759.16
7.43,5065606.24
7.44,4555595.4
7.45,2662993.75
7.46,9962316.53
7.47,9794088.1
7.48,9883661.57
7.49,9841626.62
7.5,9832995.11
7.51,10191715.98
7.52,7482606.13
7.53,6232749.08
7.54,504630.78
7.55,5288097.22
7.56,3438132.37
7.57,5037391.09
7.58,5405786.42
7.59,3796620.15
7.6,1807272.66
7.61,9734690.53
7.62,10322075.64
7.63,9433865.7
7.64,9716121.7
7.65,6250911.02
7.66,2528401.95
7.67,8436397.91
7.68,10757947.88
7.69,10327941.15
7.7,5120999.76
7.71,3061635.83
7.72,5901060.3
7.73,5453014.98
7.74,4952289.63
7.75,6810896.94
7.76,2074753.04
7.77,6098813.19
7.78,8417529.26
7.79,10156591.06
7.8,9901727.09
7.81,10148921.02
7.82,9775732.58
7.83,9635053.0
7.84,9013697.85
7.85,7619128.5
7.86,6442777.04
7.87,2748648.97
7.88,5915056.64
7.89,3904681.19
7.9,3450487.72
7.91,4591723.3
7.92,5556466.68
7.93,4559724.38
7.94,1724197.37
7.95,9755791.01
7.96,9509069.18
7.97,10186472.58
7.98,10016282.35
7.99,9687843.43
8.0,10167187.65
8.01,8843807.81
8.02,6816421.21
8.03,8121284.64
8.04,4062418.72
8.05,3453862.59
8.06,6466783.97
8.07,5140024.59
8.08,7694605.48
8.09,4049459.61
8.1,10182702.57
8.11,9876049.82
8.12,10367274.49
8.13,9806635.98
8.14,9519799.94
8.15,10018677.82
8.16,6712379.64
8.17,7240566.69
8.18,5086128.69
8.19,3723023.47
8.2,5442991.55
8.21,5630779.1
8.22,6528811.37
8.23,7267884.39
8.24,9983642.4
8.25,2494624.59
8.26,662902.98
8.27,8109186.95
8.28,10088788.48
8.29,9047084.42
8.3,8115921.45
8.31,6868422.6
8.32,6611840.64
8.33,5126969.84
8.34,2698437.6
8.35,6251661.42
8.36,4996885.75
8.37,5301820.53
8.38,2844051.74
8.39,9213673.1
8.4,10204553.78
8.41,10106255.19
8.42,9582160.59
8.43,9711738.62
8.44,9720897.35
8.45,8678780.03
8.46,5175297.35
8.47,6302818.47
8.48,5222092.65
8.49,2308697.15
8.5,4716616.45
8.51,4973537.53
8.52,3376142.83
8.53,3902502.34
8.54,9692238.37
8.55,9811895.33
8.56,11267397.78
8.57,9938796.39
8.58,9498858.53
8.59,8241616.56
8.6,7923413.85
8.61,6175955.08
8.62,2701099.91
8.63,4476034.19
8.64,3743818.32
8.65,5133649.4
8.66,4972654.69
8.67,5259917.53
8.68,6529259.87
8.69,10060132.4
8.7,8792756.54
8.71,9476227.03
8.72,7898976.09
8.73,8753496.44
8.74,3653317.68
8.75,8711938.69
8.76,9799168.13
8.77,5512636.94
8.78,3317787.1
8.79,3780986.69
8.8,5560866.86
8.81,4905685.61
8.82,5603584.4
8.83,2677054.93
8.84,8497044.26
8.85,10471401.42
8.86,9882451.77
8.87,9674431.94
8.88,8622246.81
8.89,8608866.72
8.9,9607617.78
8.91,9926026.81
8.92,7836995.16
8.93,7357669.08
8.94,7124906.95
8.95,6758145.31
8.96,5917751.65
8.97,4594582.88
8.98,3350352.43
8.99,5598374.89
9.0,5332708.91
9.01,4577340.13
9.02,2480966.27
9.03,4190764.85
9.04,9402847.07
9.05,9807144.94
9.06,10351759.59
9.07,10160236.86
9.08,9915897.93
9.09,9958141.09
9.1,9685044.97
9.11,10049746.15
9.12,8895850.53
9.13,8866100.98
9.14,6727722.15
9.15,8126072.77
9.16,5409477.5
9.17,4710706.73
9.18,3771931.01
9.19,4970795.65
9.2,4883582.32
9.21,6823979.52
9.22,1926149.6
9.23,8906071.99
9.24,10402163.8
9.25,9391636.24
9.26,10228464.56
9.27,9067236.63
9.28,8919734.32
9.29,5150521.64
9.3,575851.94
9.31,8940084.98
9.32,9824056.74
9.33,7423128.82
9.34,4901761.01
9.35,4696785.11
9.36,5194326.28
9.37,5412351.68
9.38,2737167.46
9.39,9234829.08
9.4,10397509.88
9.41,9113748.87
9.42,9631408.26
9.43,9752123.73
9.44,9083611.51
9.45,7226050.5
9.46,6544214.8
9.47,7681859.04
9.48,4052205.35
9.49,2646613.57
9.5,4848896.67
9.51,4798690.75
9.52,4935949.39
9.53,3299064.28
9.54,4539250.93
9.55,4265632.29
9.56,9610896.56
9.57,10444874.06
9.58,10440556.91
9.59,9796984.8
9.6,9767320.2
9.61,9349424.97
9.62,8574322.8
9.63,6161636.58
9.64,7259550.19
9.65,7684824.64
9.66,6892698.7
9.67,7543429.04
9.68,6161391.07
9.69,6352786.71
9.7,6064199.66
9.71,7174217.06
9.72,7094017.28
9.73,8119148.1
9.74,6376688.74
9.75,2932586.9
9.76,5760810.63
9.77,1892585.64
9.78,9137664.25
9.79,9894971.86
9.8,9929714.55
9.81,10176724.79
9.82,9043589.12
9.83,8715113.11
9.84,8453254.95
9.85,8212264.98
9.86,7392159.41
9.87,7677381.61
9.88,1081514.22
9.89,7051137.74
9.9,10100372.9
9.91,10181100.28
9.92,10367337.18
9.93,9211990.58
9.94,9972458.24
9.95,9047466.77
9.96,7389097.97
9.97,8341608.47
9.98,5794414.86
9.99,7843995.91
10.0,6843675.32
10.01,7146308.16
10.02,6106565.81
10.03,10284785.68
10.04,8209430.67
10.05,7255551.04
10.06,8369271.86
10.07,6286499.17
10.08,6532559.63
10.09,6992976.84
10.1,6156028.45
10.11,5570515.65
10.12,8054207.17
10.13,7250350.53
10.14,6683998.82
10.15,4241657.91
10.16,4437004.37
10.17,7404980.65
10.18,5814390.73
10.19,5765577.21
10.2,6283597.96
10.21,5727819.72
10.22,4709098.53
10.23,7366065.04
10.24,5813554.36
10.25,9690062.15
10.26,6482072.01
10.27,8382153.33
10.28,5758642.56
10.29,6874106.79
10.3,3932927.81
10.31,7237853.54
10.32,7051589.33
10.33,5942232.93
10.34,7444521.67
10.35,8150485.82
10.36,6829608.58
10.37,5810568.52
10.38,5812405.32
10.39,6587389.84
10.4,4904359.2
10.41,4157377.63
10.42,6981991.2
10.43,9721262.54
10.44,8580375.63
10.45,8315755.6
10.46,6028575.04
10.47,6493715.54
10.48,7095955.78
10.49,5820136.08
10.5,6435271.22
10.51,4952715.01
10.52,1850985.29
10.53,1990533.94
10.54,6523569.56
10.55,9521201.84
10.56,10505694.96
10.57,9692361.92
10.58,9082928.41
10.59,10290231.23
10.6,9749591.94
10.61,6780477.32
10.62,7566919.66
10.63,6262446.84
10.64,7583783.29
10.65,5636011.96
10.66,6052080.4
10.67,7869967.73
10.68,7742202.29
10.69,5825353.4
10.7,4384615.82
10.71,3817660.54
10.72,7326443.39
10.73,3527472.84
10.74,4555346.58
10.75,4792534.15
10.76,3551209.99
10.77,5551415.19
10.78,1851446.21
10.79,942201.94
10.8,8458736.24
10.81,9635374.57
10.82,10129291.03
10.83,9322998.56
10.84,10359329.89
10.85,10059802.86
10.86,9847895.78
10.87,8860206.75
10.88,7669896.71
10.89,8623124.65
10.9,7235194.65
10.91,6694209.64
10.92,8144757.84
10.93,4890942.95
10.94,6057486.06
10.95,6739894.22
10.96,8602858.02
10.97,6776425.11
10.98,6549732.21
10.99,7497829.32
11.0,6037288.6
11.01,7376342.73
11.02,7563333.58
11.03,4434380.55
11.04,9981097.52
11.05,9379788.72
11.06,7696202.55
11.07,5476699.12
11.08,4516046.4
11.09,6275246.75
11.1,7391911.55
11.11,5424839.4
11.12,6316399.38
11.13,6002406.36
11.14,6152837.51
11.15,6678573.25
11.16,6360555.34
11.17,6099892.34
11.18,6808071.48
11.19,6498477.34
11.2,6694122.2
11.21,7543192.82
11.22,5233753.57
11.23,933678.21
11.24,7379473.57
11.25,9437728.54
11.26,7908175.83
11.27,7737877.01
11.28,6160806.85
11.29,6524789.28
11.3,8528912.2
11.31,4067252.8
11.32,9112631.4
11.33,9792980.62
11.34,7380348.72
11.35,6842871.6
11.36,7376155.16
11.37,6107247.86
11.38,7183249.57
11.39,7807031.71
11.4,5713187.12
11.41,7138365.87
11.42,7984408.01
11.43,6363296.38
11.44,6771257.66
11.45,6468919.19
11.46,7194085.63
11.47,5841033.52
11.48,5167501.5
11.49,8025795.01
11.5,4575982.84
11.51,586811.26
11.52,7482914.41
11.53,8865285.93
11.54,6766536.0
11.55,5736091.53
11.56,5614867.13
11.57,6746193.26
11.58,5283197.82
11.59,5924122.28
11.6,6334257.89
11.61,5854119.6
11.62,6433086.39
11.63,6059179.04
11.64,5935082.08
11.65,6933432.04
11.66,5903008.9
11.67,6179496.86
11.68,7291901.66
11.69,3690439.45
11.7,2310409.47
11.71,7257297.47
11.72,10260382.87
11.73,10262914.32
11.74,10511918.79
11.75,10286288.6
11.76,5785822.83
11.77,4054579.5
11.78,7009709.85
11.79,9197919.73
11.8,9607039.48
11.81,5846086.64
11.82,6829468.8
11.83,6172269.55
11.84,3974727.72
11.85,3381315.65
11.86,4921744.82
11.87,3905881.79
11.88,2066494.29
11.89,2992135.88
11.9,588157.06
11.91,5582875.1
11.92,10621944.69
11.93,9401225.53
11.94,9642813.9
11.95,9663402.03
11.96,9650374.42
11.97,8949571.61
11.98,7021636.82
11.99,7463243.81
12.0,5967764.25
12.01,7144780.85
12.02,6991640.63
12.03,6373259.74
12.04,7104176.03
12.05,7287630.5
12.06,4934997.9
12.07,10625897.53
12.08,9101287.47
12.09,6266905.35
12.1,7672883.98
12.11,7487218.25
12.12,5834132.48
12.13,6574404.95
12.14,5912627.5
12.15,5467708.55
12.16,7702787.16
12.17,6641123.85
12.18,6449379.76
12.19,7448372.05
12.2,6113532.03
12.21,6771117.68
12.22,7268363.36
12.23,7185008.78
12.24,5717166.59
12.25,5020819.61
12.26,6123842.74
12.27,6650682.49
12.28,10179580.47
12.29,8312683.09
12.3,6661923.88
12.31,8398796.52
12.32,5474678.15
12.33,5835133.27
12.34,2527546.87
12.35,8103265.6
12.36,9045749.78
12.37,6609075.29
12.38,5945206.25
12.39,8021023.97
12.4,6110592.49
12.41,6204913.25
12.42,7118577.59
12.43,7235046.35
12.44,6282905.9
12.45,7284582.61
12.46,5686567.21
12.47,7325768.56
12.48,5661847.88
12.49,7362556.5
12.5,5720582.33
12.51,4427108.19
12.52,4163472.29
12.53,4381843.51
12.54,3958871.13
12.55,1790676.76
12.56,2796.73
12.57,1258.93
12.58,632.37
12.59,19153.49
12.6,9743.47
12.61,922.71
12.62,617.01
12.63,1016.63
12.64,966.41
12.65,486.76
12.66,541.44
12.67,654.9
12.68,1297.95
12.69,2178.93
12.7,2374.66
12.71,2200.21
12.72,2477.01
12.73,911478.34
12.74,32579.74
12.75,513.33
12.76,845.66
12.77,1515.19
12.78,2209.76
12.79,2411.61
12.8,1871.01
12.81,14189.99
12.82,4205.48
12.83,1476.39
12.84,3196.02
12.85,2402.47
12.86,2723.6
12.87,2619.68
12.88,1938.18
12.89,2960.13
12.9,2000.31
12.91,1667.05
12.92,38431.94
12.93,17435.95
12.94,8860.74
12.95,4807.82
12.96,4004.75
12.97,2903.44
12.98,2902.21
12.99,1950.15
13.0,1342.5
13.01,1880.96
13.02,2557.48
13.03,17029.38
13.04,586.89
13.05,1347.73
13.06,1330.84
13.07,745.61
13.08,2929.76
13.09,1476.48
13.1,2277.96
13.11,2294.39
13.12,2063.81
13.13,1507.1
13.14,2102.93
13.15,1450.85
13.16,1124.81
13.17,1414.82
13.18,1956.41
13.19,2590.52
13.2,6321.99
13.21,5283.54
13.22,2562.81
13.23,2278.31
13.24,422146.63
13.25,354.51
13.26,1116.23
13.27,55397.05
13.28,18870.18
13.29,5251.97
13.3,2930.71
13.31,2632.26
13.32,2177.42
13.33,1779.45
13.34,2504.83
13.35,2376.75
13.36,1293.12
13.37,1701.48
13.38,2634.64
13.39,3147.8
13.4,3369.51
13.41,2395.19
13.42,2531.61
13.43,2602.08
13.44,2100.39
13.45,1148.71
13.46,1457.45
13.47,3554.61
13.48,6475.74
13.49,4400.48
13.5,3290.32
13.51,2043.98
13.52,20277.27
13.53,1157.38
13.54,841.85
13.55,1238.78
13.56,1615.71
13.57,2571.89
13.58,2661.96
13.59,2797.18
13.6,1998.39
13.61,2581.55
13.62,22306.96
13.63,37944.16
13.64,4361.63
13.65,2773.53
13.66,2452.95
13.67,2861.75
13.68,2723.66
13.69,2196.73
13.7,2314.12
13.71,2000.22
13.72,2106011.04
13.73,278431.86
13.74,543.42
13.75,1056.84
13.76,6418.08
13.77,4270.16
13.78,2714.31
13.79,2835.32
13.8,6384.1
13.81,6232.26
13.82,1037.97
13.83,1526.78
13.84,2253.13
13.85,2475.95
13.86,2284.92
13.87,1730.65
13.88,2227.29
13.89,1537.29
13.9,1396.68
13.91,1437.29
13.92,2292.69
13.93,2541.57
13.94,2034.54
13.95,2092.03
13.96,125703.06
13.97,8184.5
13.98,1889.27
13.99,1679.65
14.0,8067.5
14.01,13969.71
14.02,1306.96
14.03,2069.0
14.04,4980.45
14.05,4410.53
14.06,2687.33
14.07,1745.66
14.08,1546.22
14.09,1633.35
14.1,2268.08
14.11,2561.44
14.12,1251.26
14.13,2721.59
14.14,1754.23
14.15,3098.8
14.16,2385.06
14.17,3265.93
14.18,2996.3
14.19,2794.5
14.2,3029.34
14.21,1803.29
14.22,1352.17
14.23,1701.57
14.24,2200.98
14.25,2567.63
14.26,1118394.06
14.27,131391.11
14.28,746.51
14.29,892.42
14.3,1534.55
14.31,2004.31
14.32,2448.47
14.33,2669.41
14.34,16178.6
14.35,21039.25
14.36,7740.58
14.37,12184.34
14.38,4164.49
14.39,3074.52
14.4,2440.18
14.41,2446.36
14.42,3244.58
14.43,2403.45
14.44,2502.87
14.45,2326.18
14.46,1853.52
14.47,1111.44
14.48,1446.42
14.49,1732.7
14.5,2551.73
14.51,2477.59
14.52,2279.12
14.53,1990.46
14.54,1938.46
14.55,20381.54
14.56,582.65
14.57,1374.09
14.58,1984.96
14.59,2378.54
14.6,2439.23
14.61,2106.34
14.62,1649.31
14.63,1719.17
14.64,1831.28
14.65,3856.03
14.66,2243.38
14.67,2115.68
14.68,1965.6
14.69,3442.81
14.7,2486.27
14.71,3252.98
14.72,3163.45
14.73,2190.76
14.74,14077.26
14.75,51484.01
14.76,6913.64
14.77,3641.41
14.78,962543.85
14.79,451.04
14.8,1159.29
14.81,1075.49
14.82,1688.52
14.83,2034.88
14.84,2965.56
14.85,2750.29
14.86,2461.11
14.87,1386.86
14.88,2368.45
14.89,1396.86
14.9,1629.92
14.91,1598.38
14.92,2105.17
14.93,2774.03
14.94,3086.25
14.95,7612.47
14.96,10497.37
14.97,3900.14
14.98,1745.36
14.99,1588.85
15.0,1926.85
15.01,2528.43
15.02,3215.04
15.03,2886.88
15.04,2741.36
15.05,2738.26
15.06,5656.38
15.07,766.06
15.08,1203.37
15.09,28285.23
15.1,6305.51
15.11,4630.49
15.12,3682.59
15.13,3004.68
15.14,2623.1
15.15,2313.91
15.16,1463.35
15.17,1764.13
15.18,1596.58
15.19,2505.26
15.2,3289.79
15.21,2759.52
15.22,2441.71
15.23,4671.89
15.24,6335.17
15.25,1521.02
15.26,291216.87
15.27,2481626.33
15.28,515.15
15.29,1383.66
15.3,2008.45
15.31,2084.4
15.32,2075.93
15.33,1803.22
15.34,1177.46
15.35,4725.59
15.36,1090.82
15.37,1056.33
15.38,1882.89
15.39,2445.94
15.4,3250.51
15.41,2706.54
15.42,25251.59
15.43,28524.1
15.44,4115.09
15.45,1833.54
15.46,1507.54
15.47,1588.52
15.48,2179.3
15.49,3193.61
15.5,3066.96
15.51,2952.39
15.52,10154.82
15.53,2954.96
15.54,5101.07
15.55,20465.06
15.56,3517.67
15.57,2295.52
15.58,663.26
15.59,536.47
15.6,425.56
15.61,479.9
15.62,470.94
15.63,466.44
15.64,423.18
15.65,412.05
15.66,444.29
15.67,389.94
15.68,707.3
15.69,3296.37
15.7,2874.36
15.71,2855.07
15.72,2977.49
15.73,3689.45
15.74,1983.29
15.75,3776003.81
15.76,4371065.61
15.77,1329.64
15.78,1498.86
15.79,1738.66
15.8,1998.28
15.81,1492.84
15.82,1404.34
15.83,2796.18
15.84,2024.99
15.85,10458.0
15.86,3156.14
15.87,2441.61
15.88,2983.41
15.89,2955.56
15.9,994.33
15.91,888.97
15.92,1736.44
15.93,1920.18
15.94,1763.46
15.95,5754.24
15.96,4828.37
15.97,4330.42
15.98,3284.66
15.99,2925.03
16.0,2580.03
16.01,1221.36
16.02,1429.24
16.03,1843.12
16.04,2130.14
16.05,2472.05
16.06,26009.71
16.07,1124.43
16.08,2011.2
16.09,1960.52
16.1,1412.48
16.11,1744.99
16.12,2442.89
16.13,12707.4
16.14,140486.09
16.15,9988.27
16.16,4467.33
16.17,4633.4
16.18,1434.41
16.19,2625.4
16.2,3002.85
16.21,2727.01
16.22,1139.7
16.23,1460.57
16.24,1153.97
16.25,3345.62
16.26,3285.94
16.27,2804.32
16.28,2747.72
16.29,210798.1
16.3,261.17
16.31,1240.05
16.32,2061.97
16.33,3129.21
16.34,2045.55
16.35,1297.81
16.36,1282.95
16.37,760.82
16.38,1960.47
16.39,1498.0
16.4,2407.91
16.41,3015.0
16.42,2808.37
16.43,2238.25
16.44,2440.74
16.45,1746.84
16.46,948.38
16.47,2197.09
16.48,59264.77
16.49,33363.96
16.5,4835.23
16.51,3204.82
16.52,3624.64
16.53,2815.71
16.54,1663.9
16.55,1525.58
16.56,14265.44
16.57,1013.97
16.58,2274.18
16.59,2238.97
16.6,3476.01
16.61,3576.1
16.62,2843.03
16.63,2522.21
16.64,2228.25
16.65,1176.69
16.66,690.78
16.67,1338.3
16.68,1257.05
16.69,1626.23
16.7,2185.88
16.71,2981.75
16.72,2499.89
16.73,3606.66
16.74,2387.78
16.75,2773.67
16.76,1795.88
16.77,4055675.97
16.78,450725.63
16.79,871.48
16.8,754.17
16.81,2450.45
16.82,7351.87
16.83,8134.34
16.84,4565.62
16.85,2646.26
16.86,2912.33
16.87,3097.88
16.88,141331.12
16.89,37175.13
16.9,3438.65
16.91,2510.86
16.92,3090.42
16.93,3522.96
16.94,2934.52
16.95,3572.82
16.96,2386.47
16.97,1137.31
16.98,1244.21
16.99,1736.24
17.0,1726.69
17.01,2604.03
17.02,2908.38
17.03,2972.44
17.04,2546.09
17.05,2302.86
17.06,3057.88
17.07,2405.26
17.08,3086.41
17.09,10050.05
17.1,606.84
17.11,1059.3
17.12,4955.94
17.13,3751.96
17.14,3124.27
17.15,2720.48
17.16,3241.16
17.17,2385.65
17.18,3018.4
17.19,1563.21
17.2,3871.29
17.21,2795.34
17.22,3773.53
17.23,3635.96
17.24,85095.51
17.25,257435.42
17.26,5854.76
17.27,3043.7
17.28,2252.01
17.29,2357.62
17.3,2535.17
17.31,3787729.34
17.32,810.2
17.33,1208.74
17.34,2951.47
17.35,1954.81
17.36,1454.78
17.37,1677.23
17.38,2328.48
17.39,9063.25
17.4,1400.31
17.41,4341.59
17.42,4604.04
17.43,3399.34
17.44,2188.82
17.45,1277.2
17.46,1721.99
17.47,2325.4
17.48,2377.04
17.49,3112.7
17.5,2995.67
17.51,2316.95
17.52,2599.3
17.53,1791.16
17.54,977.86
17.55,1470.06
17.56,2193.26
17.57,2103.51
17.58,64610.94
17.59,32410.63
17.6,1777.41
17.61,2312.09
17.62,1327.66
17.63,727.52
17.64,1593.51
17.65,1443.56
17.66,1568.9
17.67,2092.14
17.68,2786.24
17.69,8914.46
17.7,3753.68
17.71,3167.37
17.72,2781.48
17.73,2116.39
17.74,1092.26
17.75,1436.16
17.76,2002.04
17.77,2712.16
17.78,3075.08
17.79,1150347.41
17.8,246801.3
17.81,719.76
17.82,1261.27
17.83,1019.45
17.84,1468.53
17.85,1813.95
17.86,2709.45
17.87,21557.63
17.88,7825.97
17.89,1002.46
17.9,2767.18
17.91,2423.41
17.92,2804.24
17.93,1603.43
17.94,2480.8
17.95,12094.13
17.96,23929.18
17.97,3265.76
17.98,4793.94
17.99,4280.84
18.0,2916.06
18.01,2630.21
18.02,2722.97
18.03,2382.38
18.04,2389.6
18.05,2385.65
18.06,1407.04
18.07,1057.58
18.08,1581.62
18.09,5706.38
18.1,1306.91
18.11,2133.47
18.12,2930.21
18.13,2461.82
18.14,2673.91
18.15,3598.01
18.16,2121.72
18.17,1146.86
18.18,1707.21
18.19,2247.28
18.2,2981.56
18.21,3508.58
18.22,2947.45
18.23,3229.53
18.24,3100.64
18.25,1463.33
18.26,3538.15
18.27,4022.86
18.28,3686.11
18.29,3861536.99
18.3,523656.43
18.31,23024.38
18.32,4567.86
18.33,2869.93
18.34,1623.52
18.35,1395.91
18.36,1970.9
18.37,12912.4
18.38,14384.19
18.39,1923.22
18.4,2353.76
18.41,2811.37
18.42,2443.11
18.43,1305.89
18.44,1395.27
18.45,1545.19
18.46,1972.44
18.47,3181.04
18.48,2846.99
18.49,2909.99
18.5,3006.31
18.51,2749.81
18.52,1234.88
18.53,1347.41
18.54,4011.67
18.55,6818.55
18.56,5278.3
18.57,16620.9
18.58,40184.96
18.59,1986.72
18.6,2216.01
18.61,1308.43
18.62,1855.79
18.63,5005.36
18.64,141170.99
18.65,9205.84
18.66,4109.15
18.67,3227.19
18.68,3530.78
18.69,2351.38
18.7,1713.91
18.71,2254.68
18.72,2193.4
18.73,3469.4
18.74,3035.4
18.75,3517.02
18.76,3238.99
18.77,3441.65
18.78,416987.64
18.79,63524.45
18.8,680.08
18.81,1633.69
18.82,3033.72
18.83,7298.36
18.84,4100.67
18.85,3761.19
18.86,10144.6
18.87,3570.66
18.88,1136.18
18.89,1919.9
18.9,2812.47
18.91,3558.65
18.92,3624.13
18.93,2954.69
18.94,3634.45
18.95,2725.6
18.96,1325.84
18.97,1888.17
18.98,2282.49
18.99,2965.3
19.0,103097.55
19.01,53624.08
19.02,6204.38
19.03,4986.77
19.04,2604.99
19.05,1410.05
19.06,19517.96
19.07,16049.44
19.08,2253.51
19.09,2561.2
19.1,5454.47
19.11,9858.13
19.12,4438.65
19.13,2266.29
19.14,1727.44
19.15,2162.3
19.16,2408.76
19.17,1332.9
19.18,2401.76
19.19,1711.15
19.2,3429.78
19.21,1706.85
19.22,3010.0
19.23,2034.52
19.24,2177.43
19.25,1984.12
19.26,2731.65
19.27,2116.25
19.28,2152787.28
19.29,284.05
19.3,877.03
19.31,2459.88
19.32,3650.07
19.33,2824.97
19.34,1899.87
19.35,3508.65
19.36,9574.07
19.37,177021.11
19.38,46610.52
19.39,47311.78
19.4,1440.13
19.41,3465.02
19.42,1956.34
19.43,2282.19
19.44,1851.29
19.45,6218.46
19.46,3908.29
19.47,2829.1
19.48,2649.96
19.49,3377.02
19.5,2140.72
19.51,2291.14
19.52,1460.3
19.53,1140.64
19.54,1517.77
19.55,1743.57
19.56,2083.13
19.57,3153.24
19.58,2573.14
19.59,2417.3
19.6,1793.38
19.61,2702.32
19.62,15512.42
19.63,974.66
19.64,2114.91
19.65,2895.6
19.66,3182.71
19.67,2222.22
19.68,2100.47
19.69,1724.71
19.7,923.97
19.71,1531.43
19.72,1700.67
19.73,2244.51
19.74,6770.19
19.75,3716.22
19.76,133688.36
19.77,7325.97
19.78,2509.07
19.79,2066.23
19.8,2304.68
19.81,2162.9
19.82,79678.04
19.83,246.49
19.84,791.17
19.85,1380.56
19.86,1434.19
19.87,1210.35
19.88,1635.8
19.89,2339.61
19.9,3324.99
19.91,3393.6
19.92,2568.86
19.93,2421.42
19.94,1879.97
19.95,2094.58
19.96,1562.71
19.97,1071.15
19.98,1165.19
19.99,1772.13
20.0,2104.24
20.01,2077.06
20.02,11085.78
20.03,3807.19
20.04,2530.6
20.05,1356.62
20.06,1306.26
20.07,1329.06
20.08,1622.85
20.09,2249.24
20.1,6379.23
20.11,1212.98
20.12,11015.38
20.13,3878.37
20.14,1460.13
20.15,1406.64
20.16,1298.37
20.17,2142.18
20.18,2686.71
20.19,3050.34
20.2,1936.86
20.21,2263.92
20.22,1458.22
20.23,1199.96
20.24,1317.77
20.25,1964.88
20.26,1958.96
20.27,2385.61
20.28,3422.7
20.29,2412.92
20.3,5118.47
20.31,3290168.33
20.32,276.96
20.33,601.25
20.34,1421.02
20.35,2229.95
20.36,2361.71
20.37,2201.28
20.38,2378.91
20.39,20058.76
20.4,690.01
20.41,773.92
20.42,1680.73
20.43,2224.8
20.44,2458.08
20.45,2654.82
20.46,2688.31
20.47,42362.69
20.48,4564.26
20.49,1791.52
20.5,1646.94
20.51,2152.46
20.52,2357.19
20.53,3052.96
20.54,2330.37
20.55,1879.1
20.56,1690.17
20.57,1134.59
20.58,4452.63
20.59,16201.97
20.6,1082.39
20.61,1955.88
20.62,2645.32
20.63,2709.58
20.64,1956.67
20.65,1552.54
20.66,1379.72
20.67,1827.33
20.68,1723.91
20.69,1920.12
20.7,2984.09
20.71,2580.99
20.72,1609.95
20.73,1483.57
20.74,1776.14
20.75,1215.52
20.76,2038.98
20.77,2465.09
20.78,2866.86
20.79,3637.71
20.8,2758650.6
20.81,385.02
20.82,76521.64
20.83,11180.02
20.84,3301.96
20.85,2789.26
20.86,4427.9
20.87,6660.55
20.88,5433.36
20.89,2721.72
20.9,8808.32
20.91,1870.16
20.92,1943.0
20.93,2867.86
20.94,1454.78
20.95,3942.07
20.96,2073.32
20.97,1616.93
20.98,1429.13
20.99,2364.7
21.0,2127.18
21.01,1974.56
21.02,1821.75
21.03,3841.97
21.04,2253.26
21.05,1258.9
21.06,1852.42
21.07,2027.02
21.08,1992.24
21.09,2847.73
21.1,1936.46
21.11,1952.19
21.12,1840.29
21.13,13719.51
21.14,750.81
21.15,1165.14
21.16,1914.18
21.17,2189.65
21.18,2142.51
21.19,1778.45
21.2,3286.73
21.21,3688.68
21.22,4732.91
21.23,3377.3
21.24,3380.89
21.25,186233.97
21.26,15879.07
21.27,5308.48
21.28,3037.39
21.29,1892.87
21.3,1579.67
21.31,1503.23
21.32,1718.74
21.33,1959.42
21.34,2445.53
21.35,3670.19
21.36,4359175.81
21.37,387.26
21.38,945.46
21.39,959.25
21.4,1805.52
21.41,1949.08
21.42,3460.76
21.43,2429.51
21.44,2802.04
21.45,2490.05
21.46,9079.67
21.47,401.32
21.48,380.85
21.49,398.14
21.5,442.61
21.51,451.86
21.52,442.92
21.53,436.47
21.54,388.75
21.55,462.59
21.56,467.03
21.57,55987.77
21.58,9376.1
21.59,2674.81
21.6,2694.49
21.61,2451.77
21.62,2702.74
21.63,1922.87
21.64,2166.97
21.65,1783.59
21.66,10361.85
21.67,1118.88
21.68,1277.74
21.69,1829.85
21.7,2285.03
21.71,8964.39
21.72,3940.36
21.73,1737.86
21.74,1311.07
21.75,1321.93
21.76,1282.34
21.77,1591.85
21.78,2022.76
21.79,3375.71
21.8,2774.4
21.81,1845.26
21.82,1470.52
21.83,974.15
21.84,1283.3
21.85,1547.08
21.86,1762.28
21.87,1583006.81
21.88,703.28
21.89,1146.36
21.9,1932.56
21.91,1384.52
21.92,1211.57
21.93,15579.15
21.94,3748.03
21.95,25477.25
21.96,1509.25
21.97,2308.05
21.98,2279.54
21.99,1240.15
22.0,2699.04
22.01,8310.19
22.02,12977.27
22.03,3847.0
22.04,3443.16
22.05,2243.8
22.06,2235.11
22.07,2418.46
22.08,1775.27
22.09,2881.7
22.1,2004.96
22.11,962.8
22.12,1291.38
22.13,908.67
22.14,2310.54
22.15,2842.01
22.16,3259.83
22.17,2636.08
22.18,1840.9
22.19,14845.76
22.2,3825.34
22.21,960.21
22.22,1719.31
22.23,2633.56
22.24,2973.92
22.25,2771.83
22.26,2116.66
22.27,1765.0
22.28,1317.37
22.29,1416.36
22.3,1671.18
22.31,1966.87
22.32,27974.39
22.33,19630.75
22.34,4452.84
22.35,2591.7
22.36,2145.83
22.37,1748.82
22.38,1733.98
22.39,2023.6
22.4,3363768.03
22.41,570.62
22.42,1162.95
22.43,1647.5
22.44,1506.67
22.45,1540.94
22.46,1651.93
22.47,1928.05
22.48,25291.43
22.49,1703.29
22.5,2876.67
22.51,1971.22
22.52,1732.54
22.53,1272.89
22.54,1882.85
22.55,1821.63
22.56,2159.56
22.57,2355.57
22.58,3228.92
22.59,2520.69
22.6,5814.46
22.61,3423.25
22.62,1883.19
22.63,956.5
22.64,2625.76
22.65,3205.56
22.66,3719.58
22.67,91227.28
22.68,53219.38
22.69,1456.05
22.7,1599.14
22.71,1374.9
22.72,1283.45
22.73,1108.34
22.74,1871.82
22.75,1694.06
22.76,2071.73
22.77,2419.03
22.78,1776.52
22.79,1912.8
22.8,1165.18
22.81,1299.44
22.82,1377.92
22.83,1725.27
22.84,2367.34
22.85,3642.29
22.86,2028.13
22.87,2152.84
22.88,250818.52
22.89,965933.55
22.9,715.81
22.91,1433.55
22.92,2396.09
22.93,2982.36
22.94,3266.48
22.95,2355.71
22.96,1767.22
22.97,717.73
22.98,1160.29
22.99,1704.6
23.0,1282.04
23.01,1276.18
23.02,41362.5
23.03,6536.35
23.04,3751.88
23.05,2500.05
23.06,2438.09
23.07,1828.3
23.08,1236.33
23.09,1264.67
23.1,1700.71
23.11,2118.06
23.12,2855.12
23.13,3152.4
23.14,2045.2
23.15,3032.75
23.16,13104.89
23.17,8048.05
23.18,1506.02
23.19,2165.47
23.2,2111.94
23.21,3124.53
23.22,2069.31
23.23,2184.83
23.24,1692.95
23.25,1559.17
23.26,1347.63
23.27,1741.7
23.28,2460.72
23.29,2757.31
23.3,2968.93
23.31,2018.78
23.32,2069.4
23.33,1425.56
23.34,1449.14
23.35,1551.61
23.36,1987.95
23.37,5319753.81
23.38,331274.6
23.39,3303.45
23.4,2383.17
23.41,1605.97
23.42,1587.2
23.43,1547.94
23.44,3034.56
23.45,10686.13
23.46,970.68
23.47,1322.74
23.48,2193.82
23.49,2355.49
23.5,2546.65
23.51,2026.52
23.52,1296.73
23.53,1437.52
23.54,1302.39
23.55,1595.01
23.56,2215.74
23.57,2396.9
23.58,2282.18
23.59,2271.23
23.6,1536.49
23.61,1233.73
23.62,1204.2
23.63,1815.57
23.64,1902.47
23.65,42190.82
23.66,1466.44
23.67,1347.98
23.68,1870.06
23.69,1075.49
23.7,2035.44
23.71,15561.69
23.72,40321.61
23.73,19302.69
23.74,5010.34
23.75,2525.5
23.76,1352.67
23.77,1759.93
23.78,1378.83
23.79,2001.97
23.8,2486.72
23.81,2755.97
23.82,2178.4
23.83,1943.19
23.84,1663.63
23.85,1216.85
23.86,1802206.12
23.87,354.72
23.88,1040.67
23.89,2485.79
23.9,2437.97
23.91,2051.49
23.92,1642.08
23.93,1336.34
23.94,12529.26
23.95,730.3
23.96,1467.96
23.97,2900.64
23.98,3291.85
23.99,2384.73
24.0,6160.54
24.01,2776.12
24.02,2120.7
24.03,2843.9
24.04,1430.86
24.05,3511.58
24.06,1143.29
24.07,1977.81
24.08,2445.23
24.09,22617.99
24.1,7363.51
24.11,2383.34
24.12,1387.78
24.13,1551.51
24.14,1798.28
24.15,2541.92
24.16,16858.63
24.17,4825.14
24.18,1260.47
24.19,1125.67
24.2,925.76
24.21,1639.05
24.22,1560.32
24.23,2038.52
24.24,1942.63
24.25,2382.78
24.26,1992.89
24.27,1464.62
24.28,1754.15
24.29,1080.76
24.3,1526.75
24.31,4834.58
24.32,5746.4
24.33,3089.41
24.34,2076.06
24.35,1571.28
24.36,1268.2
24.37,2835052.64
24.38,303.78
24.39,948.33
24.4,1745.97
24.41,3125.63
24.42,2452.19
24.43,1921.35
24.44,1584.95
24.45,765501.56
24.46,9084.67
24.47,2239.66
24.48,2529.83
24.49,1577.32
24.5,2054.58
24.51,2318.29
24.52,2526.69
24.53,2445.81
24.54,1943.43
24.55,1414.12
24.56,2504.14
24.57,2132.78
24.58,3654.38
24.59,2352.32
24.6,3443.47
24.61,9873.91
24.62,6604.1
24.63,4763.98
24.64,2696.0
24.65,3425.8
24.66,1396.68
24.67,3237.64
24.68,1273.0
24.69,4137.57
24.7,1845.32
24.71,6798.59
24.72,756.8
24.73,1232.16
24.74,1712.26
24.75,2535.35
24.76,3181.8
24.77,2580.53
24.78,1906.53
24.79,1934.12
24.8,1447.32
24.81,1600.82
24.82,2316.12
24.83,2015.51
24.84,2370.31
24.85,2729.35
24.86,3155.98
24.87,2315.5
24.88,2900.13
24.89,85280.7
24.9,6686.75
24.91,2719.04
24.92,1617.95
24.93,1817204.25
24.94,396462.52
24.95,3903.4
24.96,3062.66
24.97,2484.84
24.98,1691.67
24.99,1295.04
25.0,1389.71
25.01,4721.44
25.02,2946.96
25.03,1843.25
25.04,1825.22
25.05,2208.17
25.06,1537.12
25.07,2494.16
25.08,1794.97
25.09,1563.64
25.1,995.3
25.11,1440.29
25.12,1603.75
25.13,2468.94
25.14,2790.98
25.15,1953.92
25.16,1755.92
25.17,1168.14
25.18,1493.39
25.19,1277.53
25.2,1905.54
25.21,12579.95
25.22,5630.31
25.23,54901.96
25.24,47126.65
25.25,4424.38
25.26,1995.26
25.27,3272.87
25.28,2358.23
25.29,1415.9
25.3,1928.72
25.31,1690.83
25.32,2250.04
25.33,2890.36
25.34,2101.58
25.35,1242.72
25.36,3606.77
25.37,2358.16
25.38,1952.22
25.39,1477.28
25.4,1617.76
25.41,1431.33
25.42,1415.54
25.43,1900.9
25.44,2184.58
25.45,31094.59
25.46,587.59
25.47,918.28
25.48,1457.7
25.49,1121.12
25.5,1527.08
25.51,2391.01
25.52,2478.38
25.53,2974.63
25.54,3708.07
25.55,2430.18
25.56,1803.53
25.57,1347.31
25.58,1314.55
25.59,2019.25
25.6,2515.59
25.61,138233.77
25.62,23208.08
25.63,3731.09
25.64,2005.86
25.65,1225.92
25.66,1184.38
25.67,1783.15
25.68,3194.27
25.69,2897.86
25.7,1913.93
25.71,2050.98
25.72,1294.25
25.73,13783.92
25.74,278387.97
25.75,6963.88
25.76,899.83
25.77,601.54
25.78,477.16
25.79,463.4
25.8,447.26
25.81,473.01
25.82,433.85
25.83,421.51
25.84,434.11
25.85,443.59
25.86,450.04
25.87,1044.44
25.88,1415.6
25.89,51459.82
25.9,13934.5
25.91,4312.38
25.92,3137.41
25.93,2698.1
25.94,320838.28
25.95,1060.66
25.96,2154.5
25.97,2649.88
25.98,2441.2
25.99,2357.33
26.0,1830.07
26.01,1949.84
26.02,2386.67
26.03,1200.35
26.04,887.41
26.05,1079.68
26.06,1560.78
26.07,2411.34
26.08,3170.44
26.09,1849.45
26.1,2967.61
26.11,1867.12
26.12,2164.82
26.13,1459.24
26.14,2109.76
26.15,2769.9
26.16,2080.5
26.17,1484.06
26.18,1456.71
26.19,1300.77
26.2,1688.7
26.21,2237.8
26.22,39607.51
26.23,2804.31
26.24,2111.97
26.25,8020.18
26.26,172251.68
26.27,3793.84
26.28,3720.32
26.29,2045.8
26.3,2397.2
26.31,1846.62
26.32,2207.73
26.33,1874.09
26.34,2212.78
26.35,1669.45
26.36,2238.8
26.37,2631.54
26.38,2313.15
26.39,2059.91
26.4,1531.05
26.41,1955.53
26.42,1257.16
26.43,1536.17
26.44,1608.33
26.45,4643218.42
26.46,107321.54
26.47,957.06
26.48,1420.7
26.49,1540.74
26.5,1009.71
26.51,1213.27
26.52,2016.01
26.53,70352.47
26.54,13139.61
26.55,2347.94
26.56,1847.08
26.57,1618.42
26.58,1528.94
26.59,1120.58
26.6,1331.26
26.61,2042.55
26.62,41281.1
26.63,56731.49
26.64,5308.08
26.65,2053.53
26.66,1922.58
26.67,1103.9
26.68,2064.11
26.69,1830.44
26.7,2224.22
26.71,2576.65
26.72,2410.01
26.73,16372.48
26.74,11301.16
26.75,792.19
26.76,1208.38
26.77,2139.68
26.78,1392.59
26.79,1419.18
26.8,1985.21
26.81,6161.86
26.82,4128.8
26.83,2324.33
26.84,1646.79
26.85,1650.01
26.86,3254.52
26.87,1414.6
26.88,1337.02
26.89,3532.67
26.9,2249.29
26.91,1598.18
26.92,1203.51
26.93,1442.42
26.94,1114050.42
26.95,388.96
26.96,1237.9
26.97,33039.16
26.98,9090.8
26.99,3116.23
27.0,2755.06
27.01,4737.3
27.02,9686.06
27.03,1204.74
27.04,1091.51
27.05,2178.97
27.06,1402.1
27.07,3797.72
27.08,2161.72
27.09,5722.99
27.1,4506.84
27.11,2240.55
27.12,1346.4
27.13,1746.41
27.14,1157.72
27.15,1452.22
27.16,2012.75
27.17,2495.7
27.18,2847.84
27.19,2451.09
27.2,1199.88
27.21,3225.76
27.22,7710.37
27.23,34586.4
27.24,860.04
27.25,2170.03
27.26,1231.68
27.27,1672.34
27.28,1919.75
27.29,2520.4
27.3,2805.91
27.31,983.38
27.32,4473.52
27.33,2559.57
27.34,2402.58
27.35,1806.82
27.36,1779.13
27.37,1579.75
27.38,25790.34
27.39,6144.2
27.4,1981.86
27.41,1979.09
27.42,7533.55
27.43,5128.59
27.44,3615.04
27.45,1734.01
27.46,1291.08
27.47,2585727.18
27.48,196.77
27.49,609.19
27.5,1574.61
27.51,1199.37
27.52,1937.19
27.53,2466.71
27.54,1336.13
27.55,2009.43
27.56,1972.14
27.57,3517.14
27.58,723.77
27.59,2022.67
27.6,2145.81
27.61,2547.78
27.62,1982.75
27.63,2483.96
27.64,2638.81
27.65,2256.45
27.66,1710.96
27.67,1246.62
27.68,1247.39
27.69,1947.97
27.7,2658.04
27.71,2189.57
27.72,4060.43
27.73,2272.54
27.74,2130.59
27.75,27764.6
27.76,53437.73
27.77,10263.17
27.78,1003.53
27.79,1670.18
27.8,2878.54
27.81,2543.11
27.82,1868.63
27.83,1642.48
27.84,1446.61
27.85,1320.56
27.86,1344.86
27.87,2331.54
27.88,1258.28
27.89,1218.34
27.9,1144.22
27.91,1000.96
27.92,2139.01
27.93,2063.59
27.94,2897.66
27.95,1838.85
27.96,1638.24
27.97,51330.21
27.98,560.05
27.99,1502.75
28.0,4613.86
28.01,3788.81
28.02,2230.16
28.03,1814.14
28.04,3803.02
28.05,4052.13
28.06,1063.93
28.07,2516.14
28.08,1569.67
28.09,1960.88
28.1,71589.42
28.11,17103.4
28.12,3178.47
28.13,1338.84
28.14,1924.5
28.15,2168.54
28.16,2312.9
28.17,2265.42
28.18,1918.87
28.19,1392.98
28.2,2367.03
28.21,2277.47
28.22,1903.08
28.23,2029.27
28.24,2707.8
28.25,1748.86
28.26,13764.14
28.27,4814.41
28.28,673.44
28.29,3184.15
28.3,2285.47
28.31,1906.09
28.32,880.69
28.33,1838.0
28.34,2206.75
28.35,2778.13
28.36,1057.24
28.37,1643.96
28.38,2383.9
28.39,1953.93
28.4,1750.6
28.41,1758.19
28.42,1075.46
28.43,1712.39
28.44,2467.72
28.45,2443.77
28.46,1883915.62
28.47,235486.15
28.48,2156.94
28.49,2263.11
28.5,2379.44
28.51,2134.41
28.52,1925.52
28.53,1337.12
28.54,1495.77
28.55,3974.84
28.56,1155.51
28.57,1441.47
28.58,2798.81
28.59,4251.31
28.6,2601.43
28.61,2385.38
28.62,1496.35
28.63,1944.41
28.64,3031.46
28.65,1597.27
28.66,2205.06
28.67,2956.24
28.68,1391.11
28.69,2286.85
28.7,3131.14
28.71,1444.89
28.72,2109.39
28.73,1057.35
28.74,3065.01
28.75,924.9
28.76,1830.11
28.77,2379.42
28.78,8795.59
28.79,916.47
28.8,1898.94
28.81,1135.85
28.82,882.0
28.83,1543.21
28.84,2036.26
28.85,49628.76
28.86,51352.41
28.87,4959.85
28.88,2421.09
28.89,3790.91
28.9,2607.62
28.91,2473.01
28.92,2845.83
28.93,1396.14
28.94,2631.6
28.95,1170.25
28.96,2545.09
28.97,2127.44
28.98,1676.74
28.99,2243257.71
29.0,294.59
29.01,644.49
29.02,1321.02
29.03,963.26
29.04,2429.81
29.05,3308.21
29.06,1702.05
29.07,2549.56
29.08,7775.19
29.09,681.92
29.1,1475.67
29.11,2312.53
29.12,1838.45
29.13,3197.58
29.14,2850.96
29.15,2372.47
29.16,2174.59
29.17,2085.58
29.18,2577.19
29.19,2697.68
29.2,2451.68
29.21,2665.89
29.22,2471.44
29.23,2281.64
29.24,11684.48
29.25,10621.31
29.26,2289.2
29.27,1648.55
29.28,2699.6
29.29,30593.3
29.3,4003.89
29.31,1817.25
29.32,2146.09
29.33,1769.49
29.34,2013.26
29.35,1447.13
29.36,1727.8
29.37,1938.11
29.38,1708.9
29.39,1662.87
29.4,2150.23
29.41,2277.33
29.42,1096.53
29.43,2198.99
29.44,2759.35
29.45,2756.23
29.46,2146.54
29.47,1797.67
29.48,2668.49
29.49,5619.78
29.5,1820.22
29.51,2840478.31
29.52,121156.09
29.53,875.46
29.54,1545.2
29.55,1478.97
29.56,1712.38
29.57,1337.09
29.58,1317.3
29.59,704825.36
29.6,76928.82
29.61,2645.82
29.62,2305.7
29.63,1341.4
29.64,2072.3
29.65,1351.4
29.66,1508.98
29.67,1990.23
29.68,2641.93
29.69,2666.29
29.7,2638.27
29.71,1914.36
29.72,2176.77
29.73,1162.11
29.74,1512.52
29.75,1940.25
29.76,4830.7
29.77,7844.32
29.78,3029.2
29.79,9751.2
29.8,11291.13
29.81,667.88
29.82,1404.15
29.83,2215.37
29.84,2988.48
29.85,1985.3
29.86,3080.44
29.87,1702.41
29.88,3354.9
29.89,1352.36
29.9,3781.74
29.91,1446.84
29.92,3801.94
29.93,1896.05
29.94,1848.6
29.95,1924.05
29.96,2075.42
29.97,2744.26
29.98,1994.04
29.99,2187.28
30.0,2376.06
30.01,160265.98
30.02,41220.49
30.03,4881.68
30.04,1982.08
30.05,1819.01
30.06,275.36
30.07,475.11
30.08,734.02
30.09,1814.96
30.1,2640.74
30.11,6346.22
30.12,4795.11
30.13,27570.8
30.14,13663.19
30.15,1087.86
30.16,1932.38
30.17,1938.07
30.18,1701.71
30.19,2102.99
30.2,1603.37
30.21,1635.87
30.22,1123.5
30.23,1285.46
30.24,1354.4
30.25,2534.4
30.26,2735.86
30.27,2206.15
30.28,2823.17
30.29,2619.57
30.3,2272.14
30.31,1798.73
30.32,5104.14
30.33,4903.12
30.34,729.36
30.35,22544.47
30.36,8876.31
30.37,4123.79
30.38,6991.43
30.39,4375.68
30.4,3169.67
30.41,2188.17
30.42,1707.93
30.43,2033.08
30.44,2065.85
30.45,1419.12
30.46,1275.4
30.47,2280.82
30.48,1184.56
30.49,1474.94
30.5,2064.27
30.51,2309.8
30.52,1223725.13
30.53,328.31
30.54,868.27
30.55,1865.6
30.56,1907.45
30.57,1521.84
30.58,1538.17
30.59,1053.83
30.6,4095.1
30.61,1005.09
30.62,1743.18
30.63,2293.23
30.64,2440.01
30.65,7661.97
30.66,4514.06
30.67,2855.86
30.68,2256.7
30.69,1993.9
30.7,2400.31
30.71,14508.91
30.72,4844.76
30.73,1286.97
30.74,1721.78
30.75,2397.09
30.76,2864.71
30.77,2114.23
30.78,2784.73
30.79,2127.94
30.8,200637.13
30.81,4100.46
30.82,633.64
30.83,650.35
30.84,553.11
30.85,467.66
30.86,370.29
30.87,488.81
30.88,459.98
30.89,415.47
30.9,453.71
30.91,491.3
30.92,454.69
30.93,1990.39
30.94,1456.8
30.95,1726.56
30.96,2770.9
30.97,2417.85
30.98,2112.16
30.99,1765.61
31.0,566505.0
31.01,365.83
31.02,871.41
31.03,72593.88
31.04,29384.1
31.05,4711.08
31.06,2367.48
31.07,4540.81
31.08,955.39
31.09,26757.98
31.1,4594.24
31.11,2358.28
31.12,1659.84
31.13,1572.87
31.14,1122.01
31.15,1202.72
31.16,1696.12
31.17,2172.15
31.18,8650.47
31.19,5921.38
31.2,3383.48
31.21,3298.43
31.22,1942.87
31.23,1802.92
31.24,2421.81
31.25,2097.7
31.26,2036.44
31.27,2103.97
31.28,1342.73
31.29,1186.1
31.3,1563.31
31.31,10970.87
31.32,1126.41
31.33,1871.44
31.34,1659.84
31.35,1781.21
31.36,1413.16
31.37,1486.18
31.38,2587.74
31.39,2073.55
31.4,2386.8
31.41,2229.77
31.42,2201.91
31.43,147403.92
31.44,90813.64
31.45,11135.33
31.46,2033.93
31.47,2799.21
31.48,3068.86
31.49,6774.57
31.5,3847.36
31.51,3206.0
31.52,3158.22
31.53,816604.02
31.54,2859843.27
31.55,495.1
31.56,800.54
31.57,1722.55
31.58,2804.92
31.59,3032.65
31.6,2831.76
31.61,2219.02
31.62,1980.91
31.63,1263.21
31.64,1879.46
31.65,2273.42
31.66,2038.98
31.67,1665.21
31.68,2776.08
31.69,2294.53
31.7,2871.19
31.71,1559.91
31.72,1600.53
31.73,1714.35
31.74,2618.83
31.75,3572.04
31.76,3000.51
31.77,10184.56
31.78,3508.15
31.79,2337.83
31.8,13766.05
31.81,7108.43
31.82,21095.56
31.83,1299.18
31.84,1935.32
31.85,2271.1
31.86,2217.08
31.87,3018.27
31.88,2786.56
31.89,2171.01
31.9,2196.09
31.91,1080.87
31.92,1899.93
31.93,2134.16
31.94,2714.45
31.95,2993.84
31.96,1496.03
31.97,1663.16
31.98,1595.41
31.99,1159.49
32.0,1470.71
32.01,1811.95
32.02,2863.19
32.03,1394166.5
32.04,331.59
32.05,506.87
32.06,1611.14
32.07,2504.54
32.08,1694.56
32.09,2202.28
32.1,1162.26
32.11,5264.66
32.12,1503.17
32.13,2378.91
32.14,3018.24
32.15,2386.41
32.16,2350.14
32.17,44093.8
32.18,5006.95
32.19,3074.63
32.2,2122.7
32.21,2985.81
32.22,2343.94
32.23,1919.31
32.24,2203.32
32.25,1203.01
32.26,1310.78
32.27,2071.57
32.28,3048.3
32.29,2602.58
32.3,2201.09
32.31,6987.72
32.32,903.06
32.33,814.82
32.34,1131.75
32.35,4506.89
32.36,4427.29
32.37,2680.01
32.38,2361.39
32.39,1998.6
32.4,2367.39
32.41,1032.87
32.42,1220.94
32.43,2810.65
32.44,1945.69
32.45,2304.48
32.46,1547.99
32.47,3235.28
32.48,2049.92
32.49,3644.19
32.5,1776.17
32.51,3243.59
32.52,3436.72
32.53,2090.44
32.54,2348.35
32.55,1471.0
32.56,3506.21
32.57,1958616.9
32.58,49485.3
32.59,1913.6
32.6,1808.26
32.61,2287.43
32.62,2491.77
32.63,2997.51
32.64,2316.31
32.65,9156.02
32.66,8144.15
32.67,653.77
32.68,3662.84
32.69,3167.49
32.7,3181.0
32.71,2081.81
32.72,2053.25
32.73,1590.16
32.74,1804.26
32.75,1309.2
32.76,1554.89
32.77,855.68
32.78,1908.95
32.79,1937.47
32.8,2741.84
32.81,2753.53
32.82,2462.69
32.83,2086.13
32.84,2124.0
32.85,11224.79
32.86,1076.36
32.87,1225.48
32.88,2062.2
32.89,2078.57
32.9,2824.64
32.91,2740.94
32.92,2234.35
32.93,25071.12
32.94,21989.04
32.95,2508.81
32.96,5318.68
32.97,4513.9
32.98,3945.18
32.99,3143.23
33.0,2229.29
33.01,2582.39
33.02,1617.22
33.03,1391.47
33.04,1760.19
33.05,1630232.84
33.06,1759325.54
33.07,650.54
33.08,1451.11
33.09,2074.55
33.1,1138.52
33.11,1271.43
33.12,1796.4
33.13,2059.0
33.14,12703.45
33.15,317917.22
33.16,7164.41
33.17,3556.63
33.18,743.33
33.19,856.74
33.2,482.24
33.21,549.04
33.22,498.92
33.23,437.49
33.24,422.78
33.25,10878.94
33.26,12948.95
33.27,919.15
33.28,539.67
33.29,844.15
33.3,1950.09
33.31,2160.59
33.32,2274.47
33.33,1590.6
33.34,1902.43
33.35,16077.85
33.36,2148.61
33.37,1130.7
33.38,1669.25
33.39,2019.37
33.4,1854.56
33.41,1203.57
33.42,1932.46
33.43,1258.47
33.44,1420.27
33.45,2837.36
33.46,3914.28
33.47,2907.33
33.48,2727.72
33.49,3131.17
33.5,2443.45
33.51,3052.43
33.52,1514.45
33.53,1730.39
33.54,1945.29
33.55,2947.31
33.56,3690454.99
33.57,618.64
33.58,1596.49
33.59,2257.9
33.6,29013.97
33.61,13331.98
33.62,3907.96
33.63,2828.92
33.64,12168.55
33.65,1665.92
33.66,2183.21
33.67,2426.48
33.68,1503.44
33.69,1381.34
33.7,1704.72
33.71,2291.3
33.72,8065.29
33.73,4440.6
33.74,2469.93
33.75,2027.31
33.76,1890.95
33.77,1291.04
33.78,1624.48
33.79,1927.39
33.8,2604.83
33.81,2169.3
33.82,1953.56
33.83,1477.48
33.84,2552.93
33.85,708.9
33.86,782.86
33.87,1520.29
33.88,1736.69
33.89,1909.61
33.9,2769.04
33.91,2952.19
33.92,2145.48
33.93,2347.54
33.94,2153.46
33.95,1050.32
33.96,82934.27
33.97,12670.57
33.98,5166.02
33.99,2865.18
34.0,6126.67
34.01,4047.68
34.02,1785.83
34.03,1427.5
34.04,3174343.77
34.05,29750.09
34.06,1081.5
34.07,2141.17
34.08,2766.45
34.09,2500.69
34.1,2587.85
34.11,2225.81
34.12,4336.99
34.13,588.48
34.14,1540.38
34.15,2197.9
34.16,1619.38
34.17,2150.14
34.18,1980.59
34.19,1428.87
34.2,1395.05
34.21,1689.56
34.22,2536.5
34.23,2377.62
34.24,1718.36
34.25,1404.58
34.26,3233.15
34.27,1712.87
34.28,3253.2
34.29,7625.13
34.3,3531.31
34.31,3461.08
34.32,30082.67
34.33,85315.23
34.34,1444.53
34.35,1796.91
34.36,2692.34
34.37,1824.49
34.38,1925.81
34.39,2152.24
34.4,971.82
34.41,1298.14
34.42,2029.44
34.43,1392.55
34.44,2308.95
34.45,3165.75
34.46,3698.35
34.47,2726.43
34.48,2527.01
34.49,2179.88
34.5,1499.63
34.51,1525.82
34.52,1824.76
34.53,654918.88
34.54,394.66
34.55,995.13
34.56,2189.28
34.57,2104.85
34.58,6103.75
34.59,2008.32
34.6,2106.79
34.61,17926.5
34.62,1057.67
34.63,2473.2
34.64,2856.25
34.65,2472.33
34.66,42488.28
34.67,102395.83
34.68,3238.57
34.69,1676.6
34.7,2041.66
34.71,2764.94
34.72,1960.22
34.73,3421.58
34.74,2965.2
34.75,2884.35
34.76,2971.87
34.77,1985.57
34.78,1617.22
34.79,1483.95
34.8,1994.06
34.81,8358.48
34.82,1281.56
34.83,1442.91
34.84,1728.89
34.85,3384.44
34.86,4386.73
34.87,2020.53
34.88,1383.43
34.89,1748.74
34.9,2104.47
34.91,3382.68
34.92,2494.78
34.93,2384.51
34.94,2416.69
34.95,1907.96
34.96,1360.11
34.97,1697.9
34.98,1897.98
34.99,2697.51
35.0,1862.82
35.01,147480.51
35.02,4389351.58
35.03,1838440.82
35.04,609.62
35.05,1240.56
35.06,1445.53
35.07,2699.97
35.08,1831.54
35.09,3953.59
35.1,1926.67
35.11,2577.32
35.12,2723.39
35.13,7719.5
35.14,8523.93
35.15,885.83
35.16,1630.69
35.17,4635.33
35.18,3995.83
35.19,2511.87
35.2,2609.24
35.21,2204.26
35.22,1342.13
35.23,1419.05
35.24,1840.38
35.25,2405.83
35.26,2233.4
35.27,1956.39
35.28,2954.15
35.29,3054.03
35.3,3172.3
35.31,1842.64
35.32,1416.88
35.33,15852.57
35.34,9142.67
35.35,2252.76
35.36,2973.65
35.37,2413.29
35.38,2352.72
35.39,1863.7
35.4,23502.2
35.41,41026.43
35.42,4980.17
35.43,3927.03
35.44,2746.49
35.45,1984.21
35.46,2954.19
35.47,3240.52
35.48,1543.05
35.49,1754.81
35.5,2173.28
35.51,2627.17
35.52,2637.43
35.53,1748.65
35.54,77013.57
35.55,292.2
35.56,729.0
35.57,1389.64
35.58,1862.11
35.59,2629.67
35.6,2259.69
35.61,1635.19
35.62,4932.34
35.63,793.29
35.64,990.1
35.65,1154.17
35.66,2088.74
35.67,2154.59
35.68,1976.79
35.69,1629.13
35.7,1738.38
35.71,1988.31
35.72,1077.13
35.73,3202.96
35.74,2698.67
35.75,2899.87
35.76,2299.86
35.77,94316.66
35.78,5105.58
35.79,2766.82
35.8,1195.14
35.81,2689.35
35.82,2801.05
35.83,669.8
35.84,1391.92
35.85,2141.21
35.86,2692.19
35.87,2675.19
35.88,2727.78
35.89,2371.97
35.9,1005.72
35.91,1484.5
35.92,1470.02
35.93,2816.6
35.94,2138.77
35.95,1143.78
35.96,918.21
35.97,1419.23
35.98,1880.28
35.99,2878.51
36.0,2710.4
36.01,2678.05
36.02,3505.19
36.03,131786.61
36.04,403.55
36.05,628.54
36.06,1621.01
36.07,2930.42
36.08,2008.74
36.09,1524.42
36.1,2945.33
36.11,1931.93
36.12,648533.54
36.13,12767.0
36.14,13060.48
36.15,3686.53
36.16,3014.62
36.17,3597.66
36.18,1456.55
36.19,2656.63
36.2,2339.13
36.21,1852.94
36.22,1437.75
36.23,2247.85
36.24,1326.91
36.25,3181.15
36.26,2343.3
36.27,2033.6
36.28,2736.68
36.29,2241.87
36.3,1213.23
36.31,1886.09
36.32,1547.74
36.33,1252.55
36.34,6600.36
36.35,1533.01
36.36,1937.66
36.37,3072.89
36.38,3729.53
36.39,3191.26
36.4,2902.17
36.41,3371.71
36.42,2277.19
36.43,3321.4
36.44,1075.3
36.45,2167.62
36.46,1547.36
36.47,1903.4
36.48,2708.57
36.49,2698.06
36.5,2469.07
36.51,29075.14
36.52,116532.72
36.53,3238.66
36.54,2650.74
36.55,3707790.14
36.56,449.31
36.57,1107.55
36.58,2337.07
36.59,1936.17
36.6,3427.14
36.61,11639.3
36.62,3732.85
36.63,6114.08
36.64,1385.41
36.65,409.76
36.66,402.55
36.67,542.11
36.68,428.63
36.69,507.22
36.7,418.21
36.71,467.3
36.72,643.68
36.73,517.46
36.74,493.98
36.75,501.57
36.76,479.28
36.77,817.7
36.78,2013.64
36.79,2232.17
36.8,19574.04
36.81,13028.73
36.82,3751.51
36.83,3179.26
36.84,2687.46
36.85,1196.38
36.86,6602.4
36.87,2158.4
36.88,3012.86
36.89,2644.31
36.9,2398.93
36.91,2242.68
36.92,2390.37
36.93,1380.65
36.94,1108.68
36.95,1975.32
36.96,2116.17
36.97,2280.95
36.98,1972.03
36.99,1907.26
37.0,2663.09
37.01,1320.21
37.02,1221.16
37.03,1468.82
37.04,1943.61
37.05,1700.88
37.06,3137559.57
37.07,2030039.53
37.08,772.71
37.09,1933.59
37.1,2296.17
37.11,1155.57
37.12,1834.43
37.13,2217.39
37.14,8860.33
37.15,125460.8
37.16,26030.27
37.17,6280.96
37.18,3125.2
37.19,1827.61
37.2,1872.86
37.21,2300.14
37.22,2735.89
37.23,2976.02
37.24,2302.64
37.25,2648.03
37.26,2022.37
37.27,1031.18
37.28,250936.75
37.29,1542.64
37.3,505.98
37.31,548.29
37.32,500.56
37.33,442.04
37.34,425.53
37.35,5378.69
37.36,311.23
37.37,380.59
37.38,382.77
37.39,413.03
37.4,570.04
37.41,2646.41
37.42,2488.89
37.43,2680.2
37.44,33541.47
37.45,39920.19
37.46,3192.71
37.47,2360.05
37.48,2148.26
37.49,2678.04
37.5,3304.82
37.51,2802.87
37.52,2863.12
37.53,1663.45
37.54,1476.55
37.55,5258066.73
37.56,511172.78
37.57,1425.0
37.58,1480.38
37.59,1466.7
37.6,2439.72
37.61,1993.84
37.62,2907.98
37.63,3345.19
37.64,2047.51
37.65,27498.58
37.66,1139.77
37.67,1281.11
37.68,2791.69
37.69,1167.12
37.7,3522.62
37.71,1647.64
37.72,3712.95
37.73,2835.93
37.74,3353.39
37.75,3703.54
37.76,2226.96
37.77,1346.09
37.78,1845.55
37.79,2303.6
37.8,2713.94
37.81,2293.2
37.82,2496.25
37.83,2332.56
37.84,2427.79
37.85,856.68
37.86,37778.34
37.87,16964.56
37.88,37338.9
37.89,6004.2
37.9,2464.97
37.91,2129.32
37.92,2351.43
37.93,1367.57
37.94,764.16
37.95,1543.16
37.96,1182.45
37.97,1833.65
37.98,1924.51
37.99,2830.65
38.0,2664.28
38.01,2187.61
38.02,3181.59
38.03,1708.44
38.04,1405.48
38.05,2039.73
38.06,2838.91
38.07,3721.07
38.08,3029.93
38.09,3836894.37
38.1,701.93
38.11,614.7
38.12,1465.76
38.13,1770.56
38.14,1602.65
38.15,2146.28
38.16,48933.49
38.17,32520.79
38.18,1797.91
38.19,3235.32
38.2,3199.0
38.21,47894.97
38.22,27294.67
38.23,4674.79
38.24,2070.45
38.25,1629.43
38.26,2145.42
38.27,2570.93
38.28,2862.45
38.29,2796.83
38.3,2475.27
38.31,2783.62
38.32,2014.69
38.33,1313.47
38.34,1328.64
38.35,1866.64
38.36,2643.71
38.37,13076.32
38.38,1394.3
38.39,2070.79
38.4,2606.21
38.41,3481.77
38.42,1934.81
38.43,1343.36
38.44,1610.45
38.45,4855.13
38.46,4211.79
38.47,2737.23
38.48,2533.45
38.49,4048.53
38.5,1947.33
38.51,2466.64
38.52,1711.7
38.53,1829.67
38.54,2400.8
38.55,2304.5
38.56,13029.56
38.57,2569349.87
38.58,1857974.14
38.59,498.14
38.6,932.94
38.61,1455.86
38.62,2734.24
38.63,2435.96
38.64,3340.24
38.65,12346.79
38.66,13923.85
38.67,2295.84
38.68,1179.56
38.69,1348.33
38.7,2678.33
38.71,2713.25
38.72,3505.41
38.73,6308.22
38.74,6184.6
38.75,3159.41
38.76,1553.65
38.77,1921.09
38.78,2026.93
38.79,2341.39
38.8,3462.56
38.81,3302.17
38.82,3633.78
38.83,1342.24
38.84,2102.59
38.85,16964.24
38.86,18236.53
38.87,2579.3
38.88,2187.9
38.89,1421.87
38.9,858.39
38.91,1933.18
38.92,30881.87
38.93,6630.86
38.94,4183.54
38.95,4119.97
38.96,3799.25
38.97,2973.45
38.98,3403.95
38.99,2124.7
39.0,1452.64
39.01,2348.03
39.02,8266.55
39.03,4914.01
39.04,3903.83
39.05,3329.26
39.06,154485.64
39.07,258.11
39.08,440.83
39.09,894.21
39.1,1565.51
39.11,1028.24
39.12,1519.86
39.13,2222.49
39.14,21575.57
39.15,1449.97
39.16,3137.6
39.17,2988.98
39.18,2185.01
39.19,2423.23
39.2,3224.65
39.21,2944.91
39.22,1547.04
39.23,1218.24
39.24,1292.83
39.25,1413.25
39.26,27963.92
39.27,14832.44
39.28,8786.07
39.29,6951.96
39.3,4449.44
39.31,2890.13
39.32,2539.75
39.33,18105.14
39.34,2500.51
39.35,1903.4
39.36,1154.98
39.37,959.29
39.38,1473.22
39.39,1881.88
39.4,1874.23
39.41,3066.66
39.42,2643.11
39.43,2825.93
39.44,2800.19
39.45,2889.09
39.46,2865.91
39.47,1366.92
39.48,1935.83
39.49,2997.45
39.5,2038.96
39.51,3076.39
39.52,1309.39
39.53,494.09
39.54,1082.91
39.55,2423.83
39.56,6979.36
39.57,4131.77
39.58,3019.43
39.59,9568.65
39.6,16861.54
39.61,694.27
39.62,1259.38
39.63,1605.93
39.64,1870.42
39.65,1574.38
39.66,2251.56
39.67,2528.35
39.68,2532.16
39.69,3315.18
39.7,2932.67
39.71,2124.59
39.72,2590.76
39.73,3075.78
39.74,2609.99
39.75,1415.88
39.76,1466.44
39.77,1984.71
39.78,2807.79
39.79,17169.59
39.8,1453.53
39.81,2145.41
39.82,2211.71
39.83,5118.87
39.84,2043.95
39.85,1694.8
39.86,971.05
39.87,1451.42
39.88,1655.05
39.89,3090.3
39.9,1503.21
39.91,2113.9
39.92,1201.15
39.93,3787.27
39.94,80484.97
39.95,54029.85
39.96,5680.07
39.97,2733.7
39.98,3590.22
39.99,2038.44
40.0,1461.34
40.01,3454.58
40.02,3277137.59
40.03,225.01
40.04,763.51
40.05,1467.46
40.06,875.42
40.07,1775.18
40.08,3142.08
40.09,2272.29
40.1,3257.27
40.11,16525.59
40.12,977.08
40.13,1108.43
40.14,5883.94
40.15,2387.51
40.16,4834.38
40.17,2037.3
40.18,1854.91
40.19,2932.73
40.2,3173.13
40.21,3150.38
40.22,2877.47
40.23,3144.57
40.24,2240.17
40.25,3284.76
40.26,2081.2
40.27,2249.46
40.28,1599.3
40.29,2871.28
40.3,2996.99
40.31,2925.73
40.32,2268.66
40.33,2201.79
40.34,1200.18
40.35,2504.56
40.36,8470.62
40.37,677.3
40.38,1232.66
40.39,2728.04
40.4,10976.32
40.41,4162.29
40.42,3252.6
40.43,3542.66
40.44,2476.79
40.45,2305.88
40.46,2013.17
40.47,1057.12
40.48,7644.79
40.49,1713.64
40.5,1840.93
40.51,930.82
40.52,1182.37
40.53,2303.7
40.54,1137.08
40.55,2015822.72
40.56,356.6
40.57,944.24
40.58,1144.24
40.59,1861.27
40.6,3190.36
40.61,1947.66
40.62,2035.71
40.63,809.25
40.64,1213.52
40.65,1333.92
40.66,2371.46
40.67,1602.61
40.68,1078.88
40.69,1640.94
40.7,1079.56
40.71,6276.42
40.72,2815.77
40.73,6391.02
40.74,4234.66
40.75,1784.24
40.76,2246.17
40.77,2346.47
40.78,2365.77
40.79,1680.89
40.8,2687.26
40.81,24218.35
40.82,513.45
40.83,8326.1
40.84,1437.05
40.85,476.5
40.86,448.97
40.87,429.19
40.88,452.7
40.89,398.78
40.9,411.03
40.91,378.61
40.92,441.25
40.93,398.9
40.94,440.5
40.95,1565.58
40.96,1243.98
40.97,1488.33
40.98,1555.6
40.99,1363.16
41.0,87083.02
41.01,172912.62
41.02,913.3
41.03,2564.09
41.04,1171.72
41.05,2609.11
41.06,3095.92
41.07,1850.22
41.08,2979.07
41.09,1732.16
41.1,22465.89
41.11,3277.69
41.12,1287.13
41.13,2042.71
41.14,1653.97
41.15,2698.38
41.16,1591.2
41.17,1520.96
41.18,1077.88
41.19,1043.24
41.2,1860.36
41.21,1226.16
41.22,1471.57
41.23,974.58
41.24,1299.06
41.25,1867.81
41.26,2499.26
41.27,1827.93
41.28,1090.9
41.29,2270.84
41.3,2311.31
41.31,2528.09
41.32,14887.92
41.33,1052.1
41.34,2436.9
41.35,1591.6
41.36,1545.29
41.37,1511.16
41.38,666.98
41.39,50283.4
41.4,7931.74
41.41,4354.23
41.42,4579.6
41.43,2280.45
41.44,3439.27
41.45,2558.18
41.46,1869.2
41.47,2984.92
41.48,1563.72
41.49,1494.61
41.5,3401.41
41.51,1652.62
41.52,2167.03
41.53,2498.85
41.54,1396.19
41.55,2267.45
41.56,2299.69
41.57,890614.95
41.58,245862.4
41.59,496.21
41.6,711.81
41.61,1966.94
41.62,1893.39
41.63,1850.93
41.64,1964.75
41.65,1429.3
41.66,4512.82
41.67,870.35
41.68,4417.98
41.69,1348.06
41.7,992.1
41.71,1266.93
41.72,1420.79
41.73,2971.53
41.74,1657.03
41.75,2149.89
41.76,3370.76
41.77,2562.47
41.78,2404.41
41.79,120711.16
41.8,7993.8
41.81,3148.41
41.82,2112.13
41.83,1197.92
41.84,1493.71
41.85,7167.41
41.86,869.74
41.87,1177.07
41.88,1104.56
41.89,1409.75
41.9,2560.0
41.91,1224.22
41.92,2171.5
41.93,2023.35
41.94,1603.91
41.95,2121.32
41.96,3347.08
41.97,1897.44
41.98,2009.77
41.99,1338.47
42.0,2397.14
42.01,3251.44
42.02,2532.46
42.03,2247.65
42.04,2518.72
42.05,161854.68
42.06,431.82
42.07,778.05
42.08,1348.39
42.09,1130.2
42.1,1804.33
42.11,1072.08
42.12,7564.04
42.13,9112.82
42.14,3112.36
42.15,3312.24
42.16,3132.69
42.17,2388.38
42.18,2409.88
42.19,2593.46
42.2,2261.2
42.21,1822.65
42.22,5984.2
42.23,3433.27
42.24,2034.71
42.25,2467.15
42.26,1722.26
42.27,1021.37
42.28,2381.14
42.29,2075.22
42.3,2735.01
42.31,2491.34
42.32,15604.21
42.33,3449.85
42.34,1516.16
42.35,1434.42
42.36,1317.69
42.37,1241.77
42.38,2076.82
42.39,1195.76
42.4,2851.46
42.41,1346.28
42.42,1427.65
42.43,1494.57
42.44,2515.96
42.45,2708.68
42.46,1958.75
42.47,2605.84
42.48,2138.78
42.49,2487.93
42.5,72221.25
42.51,7601.25
42.52,12724.01
42.53,5601.96
42.54,3719142.91
42.55,98485.34
42.56,518.63
42.57,719.69
42.58,1811.53
42.59,2176.96
42.6,2590.25
42.61,3647.23
42.62,16901.78
42.63,1644.36
42.64,1284.32
42.65,2209.89
42.66,1339.91
42.67,1171.17
42.68,1154.24
42.69,2159.98
42.7,1826.37
42.71,2645.74
42.72,2263.94
42.73,1352.12
42.74,1455.02
42.75,1906.65
42.76,1909.18
42.77,1639.56
42.78,2137.11
42.79,3410.53
42.8,2578.62
42.81,2988.75
42.82,2717.35
42.83,1844.81
42.84,3227.25
42.85,5445.1
42.86,5563.21
42.87,15334.95
42.88,1671.95
42.89,2509.79
42.9,2236.71
42.91,121321.79
42.92,17742.59
42.93,3311.49
42.94,1244.2
42.95,1499.61
42.96,1347.73
42.97,1611.04
42.98,2961.0
42.99,1482.89
43.0,2027.76
43.01,3439.23
43.02,2708.68
43.03,1813.2
43.04,1210.6
43.05,1329.89
43.06,1707.74
43.07,2721.32
43.08,287.79
43.09,581.21
43.1,1751.62
43.11,2008.39
43.12,1941.79
43.13,3155.76
43.14,2020.48
43.15,3084.3
43.16,1063.79
43.17,1760.66
43.18,1575.23
43.19,3173.1
43.2,1940.1
43.21,1754.58
43.22,1095.9
43.23,1331.7
43.24,1711.93
43.25,1990.49
43.26,2844.1
43.27,225554.6
43.28,8900.18
43.29,3265.16
43.3,1343.19
43.31,2070.49
43.32,1758.56
43.33,2187.64
43.34,2499.37
43.35,2538.27
43.36,1975.71
43.37,6736.19
43.38,1132.79
43.39,741.66
43.4,1762.9
43.41,1304.48
43.42,2597.89
43.43,2674.69
43.44,4940.36
43.45,2271.26
43.46,3352.83
43.47,2217.04
43.48,1923.93
43.49,1297.61
43.5,3306.81
43.51,2239.57
43.52,2627.1
43.53,3353.65
43.54,2149.24
43.55,1909.27
43.56,1289.21
43.57,2042.34
43.58,607.84
43.59,389.52
43.6,718.03
43.61,2115.56
43.62,2463.76
43.63,1907.77
43.64,1889.61
43.65,37583.13
43.66,30798.42
43.67,3542.36
43.68,2029.27
43.69,2742.49
43.7,2547.54
43.71,2009.37
43.72,1339.01
43.73,3240.78
43.74,3017.74
43.75,1913.59
43.76,2787.51
43.77,1973.77
43.78,1004.8
43.79,3557.31
43.8,2609.52
43.81,2852.19
43.82,2807.55
43.83,2009.42
43.84,1856.54
43.85,2172.26
43.86,2668.36
43.87,31769.12
43.88,1283.59
43.89,2095.42
43.9,1410.51
43.91,1481.19
43.92,1728.89
43.93,2101.56
43.94,3302.0
43.95,1586.06
43.96,877.95
43.97,2438.04
43.98,2152.48
43.99,2434.4
44.0,195977.68
44.01,19607.28
44.02,6728.4
44.03,1824.12
44.04,2324.66
44.05,2881.38
44.06,2048.76
44.07,1702.76
44.08,20316.81
44.09,600.35
44.1,1288.73
44.11,1546.41
44.12,1567.09
44.13,1132.28
44.14,1349.83
44.15,1916.74
44.16,19082.47
44.17,1418.83
44.18,1698.47
44.19,965.69
44.2,1512.74
44.21,993.16
44.22,1221.02
44.23,1464.55
44.24,3356.83
44.25,2420.51
44.26,2956.6
44.27,2793.81
44.28,1541.01
44.29,2843.0
44.3,7090.4
44.31,3868.66
44.32,2494.72
44.33,1581.07
44.34,1764.1
44.35,5552.92
44.36,15144.05
44.37,25879.08
44.38,8775.3
44.39,2719.07
44.4,1223.78
44.41,1946.81
44.42,2677.6
44.43,1446.29
44.44,1790.8
44.45,2273.09
44.46,1348.45
44.47,2508.37
44.48,1906.15
44.49,2388.55
44.5,1669.7
44.51,2528.54
44.52,2019.76
44.53,2304.25
44.54,2267.34
44.55,1371.04
44.56,2593.73
44.57,2079.98
44.58,1579.25
44.59,2835.46
44.6,3023806.75
44.61,733141.53
44.62,4770.53
44.63,3066.35
44.64,1593.69
44.65,1598.49
44.66,1215.19
44.67,1514.6
44.68,7502.26
44.69,4388.9
44.7,1967.84
44.71,1713.35
44.72,2093.27
44.73,2109.09
44.74,1793.45
44.75,3387.57
44.76,2178.19
44.77,36333.67
44.78,9703.76
44.79,5806.1
44.8,1331.09
44.81,2332.87
44.82,2114.61
44.83,2591.86
44.84,1945.36
44.85,1751.98
44.86,1404.41
44.87,2081.6
44.88,19027.6
44.89,4493.61
44.9,1964.11
44.91,4423.48
44.92,3692.79
44.93,4239.92
44.94,3041.95
44.95,1322.28
44.96,1845.35
44.97,2925.27
44.98,1317.26
44.99,2278.72
45.0,2109.28
45.01,1859.77
45.02,2290.78
45.03,1717.17
45.04,2854.13
45.05,2206.1
45.06,3077.18
45.07,2661.85
45.08,1805.89
45.09,2117.55
45.1,2479.11
45.11,1808.01
45.12,1204.35
45.13,2063.16
45.14,199470.7
45.15,412.1
45.16,960.88
45.17,45364.71
45.18,15669.81
45.19,3932.13
45.2,2220.47
45.21,816.87
45.22,11413.05
45.23,4002.07
45.24,1108.33
45.25,1656.1
45.26,5842.21
45.27,7912.56
45.28,2267.3
45.29,1241.08
45.3,2071.83
45.31,3040.92
45.32,1747.62
45.33,2452.99
45.34,2931.15
45.35,2642.15
45.36,2436.22
45.37,1471.55
45.38,1342.26
45.39,1534.13
45.4,1708.17
45.41,2087.46
45.42,1649.77
45.43,2272.08
45.44,16971.8
45.45,6634.29
45.46,1146.29
45.47,1943.84
45.48,2232.47
45.49,2871.92
45.5,1684.44
45.51,2392.82
45.52,1226.26
45.53,4436.79
45.54,1554.22
45.55,4081.03
45.56,2000.21
45.57,1311.56
45.58,1472.32
45.59,785.77
45.6,124902.9
45.61,5060.21
45.62,2715.98
45.63,2701.27
45.64,3575.87
45.65,2937.42
45.66,2421.72
45.67,2101.1
45.68,2028.27
45.69,2679333.72
45.7,4461.38
45.71,927.61
45.72,1710.33
45.73,2961.3
45.74,2913.43
45.75,2454.69
45.76,2788.6
45.77,4586.35
45.78,751.96
45.79,1440.13
45.8,1836.92
45.81,1437.6
45.82,1580.65
45.83,2156.36
45.84,2646.85
45.85,2489.42
45.86,2682.3
45.87,2412.91
45.88,1955.08
45.89,6205.42
45.9,3171.61
45.91,1735.59
45.92,755.42
45.93,908.28
45.94,2191.5
45.95,2096.48
45.96,2978.12
45.97,2507.26
45.98,74902.79
45.99,97940.04
46.0,11018.25
46.01,1830.96
46.02,604.12
46.03,489.96
46.04,455.24
46.05,413.04
46.06,417.03
46.07,503.11
46.08,374.42
46.09,372.17
46.1,460.67
46.11,443.4
46.12,496.68
46.13,965.08
46.14,1817.77
46.15,2658.16
46.16,1585.62
46.17,2579.65
46.18,2970.9
46.19,3622602.72
46.2,1695987.88
46.21,534.35
46.22,732.4
46.23,863.39
46.24,856.18
46.25,3137.1
46.26,1368.7
46.27,3310.65
46.28,21218.84
46.29,3007.09
46.3,78056.74
46.31,17923.76
46.32,2362.58
46.33,2695.06
46.34,3543.13
46.35,2362.23
46.36,1822.32
46.37,1104.02
46.38,5729.25
46.39,1971.43
46.4,1711.8
46.41,2114.76
46.42,2668.72
46.43,1456.69
46.44,3242.8
46.45,2008.12
46.46,1177.84
46.47,2178.8
46.48,8834.03
46.49,1939.44
46.5,1897.71
46.51,1287.93
46.52,1481.21
46.53,3165.93
46.54,2629.7
46.55,1648.75
46.56,3782.36
46.57,1602.54
46.58,1704.68
46.59,1763.34
46.6,1658.86
46.61,2277.45
46.62,2043.82
46.63,2195.67
46.64,2721.96
46.65,2185.39
46.66,1829.38
46.67,2720.1
46.68,2924.77
46.69,173642.91
46.7,98229.56
46.71,7447.96
46.72,2767.01
46.73,327968.25
46.74,655.28
46.75,1303.22
46.76,1632.43
46.77,1748.22
46.78,2046.2
46.79,897.5
46.8,1879.89
46.81,6897.18
46.82,1522.51
46.83,1961.61
46.84,1676.23
46.85,1820.57
46.86,1190.34
46.87,1535.0
46.88,1655.7
46.89,2734.05
46.9,2925.22
46.91,2624.41
46.92,1741.79
46.93,2220.99
46.94,2082.96
46.95,1666.12
46.96,2694.37
46.97,1746.81
46.98,1057.06
46.99,2945.26
47.0,5570.33
47.01,14065.5
47.02,14200.17
47.03,1155.28
47.04,1372.0
47.05,2008.41
47.06,1252.0
47.07,51920.17
47.08,7231.59
47.09,4292.5
47.1,2694.04
47.11,1960.69
47.12,1420.3
47.13,1527.17
47.14,1548.86
47.15,1720.05
47.16,2326.5
47.17,2849.02
47.18,2121.53
47.19,1283.14
47.2,2236.22
47.21,1502.03
47.22,2120.64
47.23,2344.66
47.24,515843.0
47.25,421.27
47.26,1942.38
47.27,1133.84
47.28,1981.64
47.29,1338.0
47.3,6325.57
47.31,3986.97
47.32,2649.22
47.33,1168.52
47.34,1428.89
47.35,1072.07
47.36,1575.79
47.37,1256.57
47.38,1774.91
47.39,1226.45
47.4,862.02
47.41,2117.5
47.42,3058.19
47.43,2051.69
47.44,67720.54
47.45,54047.34
47.46,9262.16
47.47,4515.39
47.48,3710.08
47.49,2364.75
47.5,2267.74
47.51,2473.52
47.52,1848.07
47.53,3332.81
47.54,1468.02
47.55,3075.69
47.56,1968.4
47.57,3814.06
47.58,1230.84
47.59,1754.64
47.6,1121.44
47.61,2901.87
47.62,5226.82
47.63,2736.29
47.64,1721.95
47.65,1561.41
47.66,951.04
47.67,1209.34
47.68,1650.41
47.69,2564.56
47.7,2826.28
47.71,1844.95
47.72,1425.72
47.73,2187.39
47.74,2488.77
47.75,2161.37
47.76,1903.72
47.77,2163.42
47.78,60774.09
47.79,465.86
47.8,1283.16
47.81,2495.62
47.82,2886.8
47.83,2564.79
47.84,1500.92
47.85,137169.98
47.86,213566.34
47.87,2513.88
47.88,2100.27
47.89,2737.77
47.9,8457.8
47.91,3264.76
47.92,1494.57
47.93,1625.27
47.94,1686.79
47.95,1529.49
47.96,2944.75
47.97,2842.61
47.98,2214.69
47.99,3044.01
48.0,2909.9
48.01,2478.03
48.02,1949.97
48.03,1437.04
48.04,1378.34
48.05,14956.64
48.06,9483.15
48.07,2116.77
48.08,2323.25
48.09,2064.54
48.1,1827.37
48.11,1017.3
48.12,1342.53
48.13,1754.75
48.14,3035.1
48.15,2878.92
48.16,1760.71
48.17,1079.78
48.18,2524.0
48.19,8332.96
48.2,3229.01
48.21,2044.58
48.22,88079.85
48.23,17099.63
48.24,7520.02
48.25,4480.39
48.26,2973.27
48.27,2470.24
48.28,1683.1
48.29,2858.55
48.3,752041.32
48.31,337.17
48.32,1079.89
48.33,1158.01
48.34,1488.94
48.35,2333.49
48.36,1525.92
48.37,1550.34
48.38,979.35
48.39,2695.17
48.4,8892.88
48.41,1373.21
48.42,930.92
48.43,1616.2
48.44,2363.09
48.45,1878.96
48.46,1507.98
48.47,1178.11
48.48,1273.66
48.49,1669.54
48.5,2692.32
48.51,2419.53
48.52,2165.54
48.53,2549.36
48.54,4585.59
48.55,3657.58
48.56,2429.61
48.57,1088.01
48.58,1508.23
48.59,1836.41
48.6,2655.4
48.61,39691.11
48.62,3161.93
48.63,1090.06
48.64,27067.37
48.65,4536.58
48.66,2497.14
48.67,2357.14
48.68,2859.22
48.69,2377.27
48.7,2236.92
48.71,1610.87
48.72,1989.02
48.73,1685.71
48.74,1791.02
48.75,1205.79
48.76,1910.57
48.77,2245.79
48.78,2764.7
48.79,2709.36
48.8,1805.42
48.81,1831.09
48.82,1124358.36
48.83,1006.24
48.84,1345.85
48.85,2150.74
48.86,1290.98
48.87,2543.27
48.88,1409.4
48.89,28111.72
48.9,5510.52
48.91,1967.98
48.92,1692.2
48.93,1743.86
48.94,1261.74
48.95,1208.36
48.96,1840.38
48.97,2594.89
48.98,2370.18
48.99,2076.07
49.0,112907.69
49.01,5893.85
49.02,1613.35
49.03,2403.53
49.04,2920.09
49.05,2366.84
49.06,1837.65
49.07,1125.91
49.08,1657.36
49.09,13657.1
49.1,4755.73
49.11,2226.93
49.12,2524.37
49.13,1745.16
49.14,1738.88
49.15,1382.04
49.16,1342.34
49.17,1493.82
49.18,1761.54
49.19,2585.23
49.2,2515.35
49.21,1981.6
49.22,1444.21
49.23,2745.11
49.24,2439.54
49.25,2777.76
49.26,1115.91
49.27,1851.7
49.28,2244.59
49.29,3425.47
49.3,3063.11
49.31,801.37
49.32,1048.44
49.33,1175.07
49.34,1056.64
49.35,1933.81
49.36,156302.45
49.37,22315.62
49.38,5189.38
49.39,1255.11
49.4,8789.54
49.41,1613.48
49.42,1709.51
49.43,2050.55
49.44,2312.95
49.45,2387.9
49.46,1914.9
49.47,1954.67
49.48,1418.27
49.49,1201.67
49.5,1493.62
49.51,1755.38
49.52,2402.12
49.53,2496.65
49.54,2028.22
49.55,2115.55
49.56,1285.31
49.57,1417.37
49.58,7176.7
49.59,930.45
49.6,2142.38
49.61,2278.85
49.62,1834.19
49.63,2438.69
49.64,1468.2
49.65,1422.53
49.66,2038.66
49.67,2448.54
49.68,2450.95
49.69,6482.51
49.7,2966.25
49.71,2145.92
49.72,26509.01
49.73,9585.44
49.74,4216.94
49.75,4278.61
49.76,3228.22
49.77,2180.41
49.78,1638116.81
49.79,138.52
49.8,457.86
49.81,702.53
49.82,1479.97
49.83,1166.07
49.84,1914.59
49.85,2357.83
49.86,1577.6
49.87,918.46
49.88,3066.51
49.89,19163.42
49.9,835.85
49.91,669.8
49.92,2153.46
49.93,2000.78
49.94,2148.03
49.95,1096.03
49.96,2148.42
49.97,3327.5
49.98,2415.51
49.99,1960.11
50.0,1860.78
50.01,7411.98
50.02,1054.83
50.03,1508.35
50.04,1737.56
50.05,2134.17
50.06,2156.05
50.07,2097.58
50.08,1959.43
50.09,2524.36
50.1,2505.21
50.11,1219.45
50.12,6805.35
50.13,4142.05
50.14,2559.53
50.15,2152.63
50.16,2662.11
50.17,1540.01
50.18,1298.13
50.19,1730.3
50.2,1516.11
50.21,1047.25
50.22,1332.8
50.23,2226.37
50.24,2081.37
50.25,1560.26
50.26,2170.47
50.27,1217.77
50.28,1930.02
50.29,7224.02
50.3,5125.09
50.31,931521.99
50.32,405.6
50.33,850.88
50.34,611.47
50.35,854.83
50.36,1311.6
50.37,1611.31
50.38,7223.56
50.39,5059.15
50.4,1243.82
50.41,2252.91
50.42,2574.05
50.43,1901.03
50.44,1564.84
50.45,1205.52
50.46,1786.51
50.47,71364.3
50.48,10054.87
50.49,3411.32
50.5,3099.64
50.51,2984.2
50.52,1997.52
50.53,1881.55
50.54,1028.91
50.55,889.02
50.56,4739.09
50.57,3293.42
50.58,6290.51
50.59,1067.45
50.6,1930.92
50.61,1622.95
50.62,1897.95
50.63,1147.66
50.64,1269.7
50.65,2707.76
50.66,1520.99
50.67,1829.09
50.68,3170.43
50.69,3115.82
50.7,2301.7
50.71,1964.23
50.72,1833.05
50.73,1266.79
50.74,1681.66
50.75,1895.86
50.76,947.79
50.77,3185.87
50.78,1600426.47
50.79,363109.35
50.8,423.49
50.81,1203.15
50.82,1586.93
50.83,2024.94
50.84,2388.75
50.85,2489.16
50.86,205526.39
50.87,28078.96
50.88,8855.92
50.89,6665.92
50.9,14954.75
50.91,19919.9
50.92,20200.34
50.93,958.4
50.94,1187.5
50.95,2300.26
50.96,2498.13
50.97,2488.06
50.98,2440.98
50.99,3571.45
51.0,2800.75
51.01,1870.19
51.02,2277.07
51.03,1024.67
51.04,1938.52
51.05,1762.38
51.06,1720.1
51.07,2887.04
51.08,3303.45
51.09,2676.77
51.1,2308.92
51.11,5085.41
51.12,484.36
51.13,984.46
51.14,1609.47
51.15,2246.15
51.16,2639.85
51.17,2744.57
51.18,2191.33
51.19,4374.69
51.2,2736.75
51.21,1531.25
51.22,1946.67
51.23,76474.12
51.24,23828.26
51.25,3394.22
51.26,2871.64
51.27,2487.26
51.28,2393.83
51.29,1134.91
51.3,1424.25
51.31,2495217.76
51.32,185302.25
51.33,805.32
51.34,993.39
51.35,1424.79
51.36,1799.16
51.37,2807.66
51.38,1729.11
51.39,1791.88
51.4,2346.08
51.41,12186.39
51.42,1032.75
51.43,1982.01
51.44,3012.25
51.45,2995.75
51.46,2171.67
51.47,2197.61
51.48,1329.15
51.49,3332.52
51.5,2987.3
51.51,2736.61
51.52,3014.4
51.53,2337.13
51.54,1885.26
51.55,1433.37
51.56,2297.76
51.57,1156.14
51.58,1539.66
51.59,1868.17
51.6,151737.27
51.61,76619.82
51.62,1659.72
51.63,1243.01
51.64,1620.61
51.65,1415.08
51.66,1065.61
51.67,1483.87
51.68,1805.54
51.69,2366.2
51.7,2268.5
51.71,1577.71
51.72,2538.56
51.73,1429.37
51.74,3126.75
51.75,1148.55
51.76,2715.29
51.77,2626.39
51.78,2252.75
51.79,3638.75
51.8,4238.57
51.81,1802.4
51.82,789.34
51.83,1140.27
51.84,2344697.76
51.85,501.8
51.86,1734.98
51.87,2049.33
51.88,1611.36
51.89,2277.37
51.9,3911.05
51.91,1605.79
51.92,1277.04
51.93,361.89
51.94,368.97
51.95,4971.82
51.96,16171.81
51.97,3743.75
51.98,1140.58
51.99,1326.41
52.0,494.82
52.01,596.68
52.02,410.69
52.03,460.38
52.04,386.0
52.05,1175.9
52.06,1742.67
52.07,2640.47
52.08,2937.44
52.09,2793.92
52.1,1686.71
52.11,1984.21
52.12,1096.6
52.13,1486.95
52.14,21890.5
52.15,7818.28
52.16,1208.16
52.17,1459.35
52.18,1879.97
52.19,1197.61
52.2,1705.84
52.21,1931.65
52.22,2861.04
52.23,6357.33
52.24,4423.58
52.25,3476.06
52.26,2421.28
52.27,1468.31
52.28,1765.0
52.29,1429.53
52.3,2181.31
52.31,2764.64
52.32,30701.35
52.33,6289.05
52.34,2044935.1
52.35,3130278.57
52.36,620.32
52.37,1143.56
52.38,1470.62
52.39,1746.99
52.4,2067.26
52.41,3204.19
52.42,9224.86
52.43,21862.32
52.44,1662.81
52.45,1674.72
52.46,1520.8
52.47,1892.9
52.48,2528.64
52.49,2342.47
52.5,5788.85
52.51,4093.94
52.52,2981.21
52.53,1397.57
52.54,1555.69
52.55,1506.92
52.56,2245.85
52.57,2419.46
52.58,2788.66
52.59,2165.95
52.6,2198.76
52.61,1058.73
52.62,1485.96
52.63,7975.3
52.64,1239.05
52.65,2218.75
52.66,29239.94
52.67,13756.78
52.68,2837.2
52.69,1520.65
52.7,1457.16
52.71,1707.28
52.72,2865.06
52.73,2281.8
52.74,1649.43
52.75,2364.68
52.76,1056.47
52.77,1154.94
52.78,2467.49
52.79,8344.44
52.8,4523.41
52.81,2785.77
52.82,1738.51
52.83,1886964.2
52.84,121964.4
52.85,881.61
52.86,878.02
52.87,2000.22
52.88,1900.31
52.89,2641.54
52.9,2548.79
52.91,7786.3
52.92,1572.01
52.93,1698.12
52.94,1153.66
52.95,1291.43
52.96,2322.41
52.97,2858.5
52.98,1996.84
52.99,1950.82
53.0,1804.89
53.01,1725.75
53.02,2678.13
53.03,59619.09
53.04,4955.34
53.05,3064.99
53.06,2830.08
53.07,5934.75
53.08,4107.41
53.09,2514.64
53.1,2404.62
53.11,7047.71
53.12,668.09
53.13,1248.87
53.14,2145.98
53.15,2668.04
53.16,1837.29
53.17,1450.16
53.18,1929.1
53.19,996.69
53.2,1484.24
53.21,2050.56
53.22,1130.23
53.23,2271.74
53.24,2824.5
53.25,2568.73
53.26,2198.32
53.27,2041.95
53.28,1230.64
53.29,1452.22
53.3,1867.97
53.31,2873023.91
53.32,374071.04
53.33,569.51
53.34,902.34
53.35,2041.36
53.36,16190.86
53.37,45550.83
53.38,39842.34
53.39,5067.18
53.4,24865.61
53.41,967.68
53.42,1598.75
53.43,1415.68
53.44,2332.83
53.45,1936.47
53.46,2019.11
53.47,2157.94
53.48,3095.4
53.49,1685.34
53.5,3014.09
53.51,2206.7
53.52,1505.37
53.53,2244.29
53.54,2791.53
53.55,1971.08
53.56,2596.74
53.57,2815.46
53.58,2295.07
53.59,2433.82
53.6,1345.78
53.61,1441.59
53.62,1816.77
53.63,19600.28
53.64,1406.48
53.65,1948.33
53.66,1965.63
53.67,2144.55
53.68,2457.34
53.69,1961.14
53.7,2314.93
53.71,2614.21
53.72,2267.68
53.73,1355.71
53.74,1669.21
53.75,1232.58
53.76,1401.99
53.77,141107.52
53.78,15538.27
53.79,3331.86
53.8,3673.59
53.81,3031.51
53.82,2879.46
53.83,2053.27
53.84,600.19
53.85,1316.94
53.86,1523.71
53.87,1481.02
53.88,2010.61
53.89,2414.9
53.9,2575.83
53.91,2280.98
53.92,956.59
53.93,2445.78
53.94,2208.37
53.95,3540.54
53.96,1002.25
53.97,1428.85
53.98,1744.54
53.99,2674.39
54.0,2815.77
54.01,2293.78
54.02,2239.04
54.03,2457.77
54.04,986.32
54.05,1385.99
54.06,2080.71
54.07,2457.18
54.08,2453.94
54.09,1585.83
54.1,1825.94
54.11,22520.7
54.12,5012.02
54.13,2593.57
54.14,2576.97
54.15,1837.56
54.16,2415.29
54.17,3704.01
54.18,3322.25
54.19,2421.34
54.2,2488.64
54.21,1163.92
54.22,1274.2
54.23,2358.3
54.24,5907.44
54.25,4062.96
54.26,2954.48
54.27,2320.57
54.28,2150.36
54.29,2213.55
54.3,1553.98
54.31,75506.87
54.32,369.49
54.33,1823.13
54.34,1701.34
54.35,1491.97
54.36,2371.59
54.37,2574.26
54.38,2229.58
54.39,22110.67
54.4,637.07
54.41,1163.85
54.42,1961.93
54.43,2370.9
54.44,2340.85
54.45,2358.58
54.46,1885.98
54.47,1487.36
54.48,69666.99
54.49,44436.38
54.5,4021.05
54.51,2738.38
54.52,6088.18
54.53,4526.67
54.54,3254.18
54.55,2678.22
54.56,2234.31
54.57,1340.06
54.58,8801.38
54.59,18390.13
54.6,1570.7
54.61,2407.83
54.62,2020.4
54.63,1813.76
54.64,1697.04
54.65,1268.79
54.66,1426.42
54.67,1243.91
54.68,1879.97
54.69,2465.53
54.7,1475.38
54.71,1975.55
54.72,1056.73
54.73,2630.5
54.74,1416.19
54.75,1413.69
54.76,1846.54
54.77,2199.46
54.78,2826.61
54.79,75770.08
54.8,514.2
54.81,1572.74
54.82,1318.84
54.83,32174.38
54.84,7116.08
54.85,4505.89
54.86,2858.51
54.87,7721.56
54.88,1680.13
54.89,2003.14
54.9,2613.47
54.91,1490.67
54.92,1568.54
54.93,1765.43
54.94,2774.61
54.95,2841.49
54.96,2699.15
54.97,2464.4
54.98,2390.6
54.99,1442.29
55.0,1767.78
55.01,956.79
55.02,1922.74
55.03,1124.22
55.04,1795.93
55.05,2382.57
55.06,30649.54
55.07,14745.92
55.08,4000.57
55.09,3252.25
55.1,1010.64
55.11,1533.21
55.12,1622.99
55.13,1883.02
55.14,2367.67
55.15,1866.16
55.16,2066.07
55.17,1599.28
55.18,74894.78
55.19,13849.78
55.2,5074.56
55.21,4070.67
55.22,2165.88
55.23,2765.73
55.24,3511.3
55.25,2015.75
55.26,2457.63
55.27,1171.94
55.28,1575.47
55.29,339533.95
55.3,528.76
55.31,1518.01
55.32,2896.99
55.33,2489.66
55.34,2296.46
55.35,1968.65
55.36,1124.39
55.37,1638.88
55.38,3601.36
55.39,3330.74
55.4,3024.97
55.41,3068.32
55.42,3226.26
55.43,2853.11
55.44,3251.41
55.45,3477.24
55.46,3004.63
55.47,2831.62
55.48,1711.82
55.49,1653.53
55.5,1990.98
55.51,2685.39
55.52,3254.42
55.53,2847.4
55.54,2556.06
55.55,273592.96
55.56,23667.02
55.57,2475.95
55.58,912.98
55.59,1902.5
55.6,2384.14
55.61,3083.07
55.62,2888.45
55.63,2459.28
55.64,2754.67
55.65,1520.85
55.66,3134.31
55.67,1920.99
55.68,1363.0
55.69,1851.35
55.7,2914.11
55.71,2920.2
55.72,2065.75
55.73,2091.66
55.74,1786.6
55.75,1164.99
55.76,2782733.27
55.77,273508.14
55.78,518.08
55.79,2063.97
55.8,2578.11
55.81,2282.13
55.82,2108.91
55.83,1552.28
55.84,6104.27
55.85,934.7
55.86,1674.44
55.87,2132.12
55.88,1860.98
55.89,1957.37
55.9,45744.11
55.91,22746.13
55.92,2954.2
55.93,1461.72
55.94,4319.26
55.95,3255.76
55.96,4905.36
55.97,3544.79
55.98,3545.52
55.99,1884.26
56.0,2741.93
56.01,1985.55
56.02,2668.54
56.03,2575.14
56.04,3233.15
56.05,2371.56
56.06,2820.97
56.07,1954.42
56.08,1495.05
56.09,3097.07
56.1,1633.32
56.11,247539.75
56.12,9429.95
56.13,1545.88
56.14,544.83
56.15,591.86
56.16,440.71
56.17,550.19
56.18,401.08
56.19,498.59
56.2,438.41
56.21,505.43
56.22,418.4
56.23,432.82
56.24,502.25
56.25,1213.51
56.26,1932.3
56.27,34674.87
56.28,21763.33
56.29,3813.63
56.3,2133.72
56.31,1909776.85
56.32,4033835.55
56.33,855.99
56.34,870.51
56.35,1353.5
56.36,1978.93
56.37,2273.5
56.38,1529.8
56.39,3651.82
56.4,5784.63
56.41,34206.17
56.42,744.1
56.43,3028.16
56.44,2155.65
56.45,2632.92
56.46,1196.39
56.47,1501.73
56.48,2309.84
56.49,2683.61
56.5,2588.53
56.51,2318.49
56.52,2457.05
56.53,1830.63
56.54,1275.73
56.55,1534.61
56.56,2253.7
56.57,2409.97
56.58,3830.6
56.59,2244.83
56.6,2072.46
56.61,1166.93
56.62,1546.68
56.63,2118.69
56.64,18752.16
56.65,2549.8
56.66,2427.96
56.67,48883.11
56.68,50564.51
56.69,3534.82
56.7,2239.22
56.71,2507.08
56.72,1812.22
56.73,2706.55
56.74,1736.15
56.75,1849.54
56.76,1321.21
56.77,1657.05
56.78,2720.97
56.79,1617.33
56.8,2892.52
56.81,2874.35
56.82,2524.12
56.83,2319.41
56.84,2099.0
56.85,2514.96
56.86,3168.44
56.87,997823.18
56.88,398.98
56.89,1475.66
56.9,800.62
56.91,1241.99
56.92,1680.45
56.93,2319.57
56.94,2459.47
56.95,2193.24
56.96,3334.69
56.97,1958.79
56.98,1241.78
56.99,1250.84
57.0,2017.45
57.01,2757.81
57.02,1765.34
57.03,1746.57
57.04,2266.73
57.05,1400.89
57.06,20465.49
57.07,5369.22
57.08,3279.25
57.09,2482.67
57.1,3054.86
57.11,2925.06
57.12,3131.19
57.13,3034.35
57.14,2303.26
57.15,13433.48
57.16,852.23
57.17,1508.03
57.18,2905.79
57.19,2608.9
57.2,2483.63
57.21,2620.12
57.22,2272.86
57.23,1547.03
57.24,3636.77
57.25,3944.13
57.26,3574.88
57.27,3053.96
57.28,2559.0
57.29,2649.76
57.3,1086.65
57.31,1655.48
57.32,2154.1
57.33,1825.29
57.34,2470.06
57.35,1420168.83
57.36,406760.6
57.37,633.42
57.38,723.79
57.39,1235.59
57.4,16390.09
57.41,8060.92
57.42,3880.35
57.43,11368.49
57.44,14935.97
57.45,1414.87
57.46,940.32
57.47,1367.56
57.48,1942.76
57.49,2522.23
57.5,1996.83
57.51,1816.12
57.52,2220.27
57.53,8862.77
57.54,1518.73
57.55,2077.63
57.56,1731.4
57.57,2219.06
57.58,3508.31
57.59,1901.22
57.6,1354.76
57.61,1880.58
57.62,1968.79
57.63,6705.04
57.64,1103.16
57.65,741.28
57.66,1098.71
57.67,1535.52
57.68,2597.48
57.69,2538.61
57.7,1914.77
57.71,2472.48
57.72,2251.78
57.73,3140.03
57.74,1438.33
57.75,2154.6
57.76,2062.94
57.77,3210.9
57.78,17924.59
57.79,16494.53
57.8,3676.01
57.81,3414.02
57.82,5828.02
57.83,3952.71
57.84,3383.08
57.85,3581879.64
57.86,822.99
57.87,1704.43
57.88,2918.94
57.89,1806.5
57.9,1755.46
57.91,2489.29
57.92,2294.78
57.93,9488.53
57.94,1045.65
57.95,2498.53
57.96,3068.44
57.97,2894.35
57.98,3141.04
57.99,1551.14
58.0,1888.51
58.01,2471.69
58.02,978.97
58.03,1330.53
58.04,1986.91
58.05,2155.77
58.06,1888.72
58.07,1393.36
58.08,1873.98
58.09,2874.48
58.1,7964.48
58.11,14158.75
58.12,19654.74
58.13,1715.12
58.14,48232.69
58.15,3621.67
58.16,2886.81
58.17,2437.92
58.18,1485.97
58.19,2771.4
58.2,1438.56
58.21,3016.03
58.22,3144.52
58.23,1613.44
58.24,2477.36
58.25,3289.21
58.26,1711.88
58.27,1757.8
58.28,1762.88
58.29,2779.36
58.3,2910.41
58.31,2868.83
58.32,2005.73
58.33,1292.75
58.34,1100295.83
58.35,444.8
58.36,1129.95
58.37,1899.62
58.38,3185.56
58.39,6240.33
58.4,9538.7
58.41,6242.04
58.42,21212.98
58.43,1437.27
58.44,924.69
58.45,3779.0
58.46,1268.17
58.47,1692.03
58.48,2186.17
58.49,1501.16
58.5,1947.68
58.51,3805.74
58.52,1546.95
58.53,94317.26
58.54,11137.73
58.55,4117.49
58.56,2211.22
58.57,1259.88
58.58,1547.77
58.59,1458.05
58.6,2209.97
58.61,3299.29
58.62,3128.08
58.63,22878.61
58.64,1241.36
58.65,2779.77
58.66,711.74
58.67,2266.9
58.68,2342.69
58.69,2586.38
58.7,4627.23
58.71,5393.27
58.72,3423.08
58.73,4030.19
58.74,2134.43
58.75,2359.49
58.76,2196.42
58.77,2617.66
58.78,2142.41
58.79,2255.62
58.8,1984.38
58.81,3008.69
58.82,2675.04
58.83,2275.61
58.84,942.24
58.85,1289.29
58.86,1515.69
58.87,233288.15
58.88,4713000.21
58.89,437.04
58.9,1418.53
58.91,919.53
58.92,41458.0
58.93,63603.1
58.94,6693.01
58.95,3589.85
58.96,1699.04
58.97,1056.9
58.98,1301.51
58.99,2112.42
59.0,2607.55
59.01,3046.93
59.02,4808.08
59.03,6301.02
59.04,2770.29
59.05,1383.11
59.06,1905.22
59.07,2731.19
59.08,2537.28
59.09,2151.9
59.1,2332.59
59.11,3148.39
59.12,1852.1
59.13,1470.53
59.14,1571.09
59.15,1755.63
59.16,9174.32
59.17,1009.61
59.18,1746.89
59.19,2153.65
59.2,1696.95
59.21,1339.98
59.22,1923.84
59.23,1858.85
59.24,2349.3
59.25,1886.47
59.26,8256.82
59.27,100367.47
59.28,4497.13
59.29,2164.83
59.3,3971.81
59.31,5663.32
59.32,3756.03
59.33,3709.88
59.34,3688.99
59.35,2737.76
59.36,1127276.74
59.37,1125384.82
59.38,507.48
59.39,1011.01
59.4,1830.23
59.41,3040.44
59.42,2951.27
59.43,2428.59
59.44,5165.74
59.45,12649.47
59.46,844.1
59.47,1603.6
59.48,2303.63
59.49,2337.25
59.5,2908.92
59.51,3006.71
59.52,2631.78
59.53,1423.11
59.54,1619.18
59.55,2055.75
59.56,2844.74
59.57,2963.87
59.58,2757.39
59.59,14184.48
59.6,3117.19
59.61,1663.72
59.62,1792.19
59.63,51530.07
59.64,40419.21
59.65,48930.1
59.66,2859.26
59.67,3043.29
59.68,3148.89
59.69,2662.94
59.7,1298.13
59.71,1674.86
59.72,2010.1
59.73,2409.99
59.74,2481.34
59.75,2993.25
59.76,3610.58
59.77,2048.69
59.78,1240.87
59.79,1530.22
59.8,2377.86
59.81,2458.23
59.82,2688.54
59.83,2311.58
59.84,2788.96
59.85,125001.11
59.86,265.0
59.87,2130.38
59.88,3619.36
59.89,3144.31
59.9,2637.12
59.91,2749.48
59.92,2466.79
59.93,3354.84
59.94,529.74
59.95,1322.1
59.96,2137.1
59.97,2342.51
59.98,2299.02
59.99,3131.54
60.0,161678.95
60.01,46036.92
60.02,23912.37
60.03,4047.8
60.04,4242.15
60.05,3221.67
60.06,3179.8
60.07,2950.8
60.08,1541.89
60.09,1709.1
60.1,1689.27
60.11,2594.76
60.12,2425.99
60.13,1746.93
60.14,3706.56
60.15,13784.21
60.16,1113.98
60.17,1240.79
60.18,4058.32
60.19,4605.38
60.2,2494.22
60.21,3032.83
60.22,2772.65
60.23,3005.32
60.24,2886.61
60.25,2472.89
60.26,1253.45
60.27,1116.43
60.28,1351.24
60.29,2857.55
60.3,1988.93
60.31,2999.98
60.32,1567.23
60.33,2699.76
60.34,1780.56
60.35,1380.97
60.36,3244.9
60.37,2750.76
60.38,298537.56
60.39,2554573.39
60.4,306.46
60.41,838.75
60.42,32001.02
60.43,7975.08
60.44,2856.78
60.45,2630.18
60.46,3552.76
60.47,9688.87
60.48,939.04
60.49,3982.65
60.5,2754.22
60.51,2274.29
60.52,2384.03
60.53,3017.46
60.54,1610.47
60.55,2190.96
60.56,2080.13
60.57,1839.42
60.58,1766.84
60.59,940.54
60.6,1136.28
60.61,1467.97
60.62,1834.67
60.63,3005.52
60.64,2163.81
60.65,2149.7
60.66,1665.29
60.67,7805.51
60.68,856.68
60.69,2138.31
60.7,2567.01
60.71,3405.09
60.72,1836.39
60.73,1817.85
60.74,912.42
60.75,3641.6
60.76,93844.65
60.77,9841.66
60.78,12293.7
60.79,4506.41
60.8,2883.6
60.81,1838.25
60.82,1687.31
60.83,1594.25
60.84,1727.27
